AÑO,MES,PROVINCIA_DESTINO,CONTINENTE_ORIGEN,PAIS_ORIGEN,TURISTAS,PERNOCTACIONES,ESTANCIA_MEDIA.
2019,7,A Coruña,América,Argentina,491,4075,8.3
2019,7,Albacete,América,Argentina,36,230,6.4
2019,7,Alicante/Alacant,América,Argentina,874,7254,8.3
2019,7,Almería,América,Argentina,188,1692,9
2019,7,Araba/Álava,América,Argentina,39,300,7.7
2019,7,Asturias,América,Argentina,239,1840,7.7
2019,7,Badajoz,América,Argentina,30,198,6.6
2019,7,Barcelona,América,Argentina,9639,55906,5.8
2019,7,Bizkaia,América,Argentina,175,1225,7
2019,7,Burgos,América,Argentina,54,275,5.1
2019,7,Cantabria,América,Argentina,99,713,7.2
2019,7,Castellón/Castelló,América,Argentina,125,850,6.8
2019,7,Cáceres,América,Argentina,35,273,7.8
2019,7,Cádiz,América,Argentina,306,2203,7.2
2019,7,Córdoba,América,Argentina,66,482,7.3
2019,7,Gipuzkoa,América,Argentina,366,2672,7.3
2019,7,Girona,América,Argentina,664,4582,6.9
2019,7,Granada,América,Argentina,293,2051,7
2019,7,Guadalajara,América,Argentina,58,348,6
2019,7,Huelva,América,Argentina,39,328,8.4
2019,7,Huesca,América,Argentina,59,354,6
2019,7,Illes Balears,América,Argentina,3866,29768,7.7
2019,7,La Rioja,América,Argentina,43,288,6.7
2019,7,Las Palmas,América,Argentina,237,1612,6.8
2019,7,León,América,Argentina,72,576,8
2019,7,Lleida,América,Argentina,79,537,6.8
2019,7,Lugo,América,Argentina,95,713,7.5
2019,7,Madrid,América,Argentina,12154,57124,4.7
2019,7,Murcia,América,Argentina,147,1264,8.6
2019,7,Málaga,América,Argentina,1412,11437,8.1
2019,7,Navarra,América,Argentina,153,1102,7.2
2019,7,Ourense,América,Argentina,69,600,8.7
2019,7,Pontevedra,América,Argentina,267,2243,8.4
2019,7,Salamanca,América,Argentina,90,675,7.5
2019,7,Santa Cruz de Tenerife,América,Argentina,177,1487,8.4
2019,7,Segovia,América,Argentina,70,392,5.6
2019,7,Sevilla,América,Argentina,324,2300,7.1
2019,7,Tarragona,América,Argentina,410,3198,7.8
2019,7,Toledo,América,Argentina,170,748,4.4
2019,7,Total Nacional,América,Argentina,34780,211712,6.1
2019,7,Valencia/València,América,Argentina,707,5373,7.6
2019,7,Valladolid,América,Argentina,58,406,7
2019,7,Zaragoza,América,Argentina,101,828,8.2
2019,7,Ávila,América,Argentina,35,235,6.7
2019,8,A Coruña,América,Argentina,607,6070,10
2019,8,Alicante/Alacant,América,Argentina,1088,12186,11.2
2019,8,Almería,América,Argentina,203,2355,11.6
2019,8,Araba/Álava,América,Argentina,49,475,9.7
2019,8,Asturias,América,Argentina,315,3024,9.6
2019,8,Badajoz,América,Argentina,45,356,7.9
2019,8,Barcelona,América,Argentina,10372,71567,6.9
2019,8,Bizkaia,América,Argentina,249,2166,8.7
2019,8,Burgos,América,Argentina,58,458,7.9
2019,8,Cantabria,América,Argentina,133,1051,7.9
2019,8,Castellón/Castelló,América,Argentina,168,1478,8.8
2019,8,Cuenca,América,Argentina,39,179,4.6
2019,8,Cáceres,América,Argentina,85,740,8.7
2019,8,Cádiz,América,Argentina,409,3845,9.4
2019,8,Córdoba,América,Argentina,77,578,7.5
2019,8,Gipuzkoa,América,Argentina,437,3409,7.8
2019,8,Girona,América,Argentina,727,5816,8
2019,8,Granada,América,Argentina,321,2600,8.1
2019,8,Guadalajara,América,Argentina,65,358,5.5
2019,8,Huelva,América,Argentina,80,656,8.2
2019,8,Huesca,América,Argentina,79,608,7.7
2019,8,Illes Balears,América,Argentina,4373,38482,8.8
2019,8,La Rioja,América,Argentina,60,624,10.4
2019,8,Las Palmas,América,Argentina,347,3088,8.9
2019,8,León,América,Argentina,98,1058,10.8
2019,8,Lleida,América,Argentina,118,1015,8.6
2019,8,Lugo,América,Argentina,114,1140,10
2019,8,Madrid,América,Argentina,12178,65761,5.4
2019,8,Murcia,América,Argentina,173,1782,10.3
2019,8,Málaga,América,Argentina,1793,16675,9.3
2019,8,Navarra,América,Argentina,133,1383,10.4
2019,8,Ourense,América,Argentina,97,1086,11.2
2019,8,Pontevedra,América,Argentina,468,5148,11
2019,8,Salamanca,América,Argentina,97,669,6.9
2019,8,Santa Cruz de Tenerife,América,Argentina,200,2040,10.2
2019,8,Segovia,América,Argentina,70,441,6.3
2019,8,Sevilla,América,Argentina,335,2546,7.6
2019,8,Tarragona,América,Argentina,415,3818,9.2
2019,8,Toledo,América,Argentina,206,989,4.8
2019,8,Total Nacional,América,Argentina,38089,277874,7.3
2019,8,Valencia/València,América,Argentina,835,7098,8.5
2019,8,Valladolid,América,Argentina,55,451,8.2
2019,8,Zamora,América,Argentina,32,253,7.9
2019,8,Zaragoza,América,Argentina,112,1008,9
2019,8,Ávila,América,Argentina,40,320,8
2019,9,A Coruña,América,Argentina,555,4773,8.6
2019,9,Albacete,América,Argentina,38,289,7.6
2019,9,Alicante/Alacant,América,Argentina,648,6286,9.7
2019,9,Almería,América,Argentina,144,1670,11.6
2019,9,Araba/Álava,América,Argentina,44,440,10
2019,9,Asturias,América,Argentina,238,2166,9.1
2019,9,Badajoz,América,Argentina,48,408,8.5
2019,9,Barcelona,América,Argentina,9325,68073,7.3
2019,9,Bizkaia,América,Argentina,242,1863,7.7
2019,9,Burgos,América,Argentina,64,467,7.3
2019,9,Cantabria,América,Argentina,157,1429,9.1
2019,9,Castellón/Castelló,América,Argentina,122,1025,8.4
2019,9,Ciudad Real,América,Argentina,32,240,7.5
2019,9,Cáceres,América,Argentina,42,357,8.5
2019,9,Cádiz,América,Argentina,397,3573,9
2019,9,Córdoba,América,Argentina,121,762,6.3
2019,9,Gipuzkoa,América,Argentina,395,3121,7.9
2019,9,Girona,América,Argentina,524,3982,7.6
2019,9,Granada,América,Argentina,391,2893,7.4
2019,9,Guadalajara,América,Argentina,94,432,4.6
2019,9,Huelva,América,Argentina,66,680,10.3
2019,9,Huesca,América,Argentina,48,389,8.1
2019,9,Illes Balears,América,Argentina,3030,26664,8.8
2019,9,La Rioja,América,Argentina,65,553,8.5
2019,9,Las Palmas,América,Argentina,283,2123,7.5
2019,9,León,América,Argentina,82,787,9.6
2019,9,Lleida,América,Argentina,83,623,7.5
2019,9,Lugo,América,Argentina,119,1047,8.8
2019,9,Madrid,América,Argentina,12806,67872,5.3
2019,9,Murcia,América,Argentina,104,926,8.9
2019,9,Málaga,América,Argentina,1586,14591,9.2
2019,9,Navarra,América,Argentina,138,1049,7.6
2019,9,Ourense,América,Argentina,68,660,9.7
2019,9,Pontevedra,América,Argentina,303,3182,10.5
2019,9,Salamanca,América,Argentina,100,720,7.2
2019,9,Santa Cruz de Tenerife,América,Argentina,393,3576,9.1
2019,9,Segovia,América,Argentina,69,283,4.1
2019,9,Sevilla,América,Argentina,538,3927,7.3
2019,9,Tarragona,América,Argentina,352,2816,8
2019,9,Toledo,América,Argentina,196,921,4.7
2019,9,Total Nacional,América,Argentina,34971,245517,7
2019,9,Valencia/València,América,Argentina,603,5548,9.2
2019,9,Valladolid,América,Argentina,54,421,7.8
2019,9,Zaragoza,América,Argentina,105,788,7.5
2019,10,A Coruña,América,Argentina,332,3187,9.6
2019,10,Alicante/Alacant,América,Argentina,530,5353,10.1
2019,10,Almería,América,Argentina,119,1416,11.9
2019,10,Araba/Álava,América,Argentina,31,295,9.5
2019,10,Asturias,América,Argentina,200,1800,9
2019,10,Badajoz,América,Argentina,54,535,9.9
2019,10,Barcelona,América,Argentina,7978,54250,6.8
2019,10,Bizkaia,América,Argentina,226,1605,7.1
2019,10,Burgos,América,Argentina,47,362,7.7
2019,10,Cantabria,América,Argentina,98,1049,10.7
2019,10,Castellón/Castelló,América,Argentina,123,1156,9.4
2019,10,Cuenca,América,Argentina,38,285,7.5
2019,10,Cáceres,América,Argentina,37,244,6.6
2019,10,Cádiz,América,Argentina,351,3440,9.8
2019,10,Córdoba,América,Argentina,106,922,8.7
2019,10,Gipuzkoa,América,Argentina,316,2844,9
2019,10,Girona,América,Argentina,310,2697,8.7
2019,10,Granada,América,Argentina,366,2965,8.1
2019,10,Guadalajara,América,Argentina,48,307,6.4
2019,10,Huelva,América,Argentina,75,848,11.3
2019,10,Huesca,América,Argentina,33,307,9.3
2019,10,Illes Balears,América,Argentina,1420,13632,9.6
2019,10,La Rioja,América,Argentina,70,644,9.2
2019,10,Las Palmas,América,Argentina,240,2112,8.8
2019,10,León,América,Argentina,53,514,9.7
2019,10,Lleida,América,Argentina,74,466,6.3
2019,10,Lugo,América,Argentina,62,459,7.4
2019,10,Madrid,América,Argentina,12471,76073,6.1
2019,10,Murcia,América,Argentina,104,1071,10.3
2019,10,Málaga,América,Argentina,1272,12974,10.2
2019,10,Navarra,América,Argentina,105,924,8.8
2019,10,Ourense,América,Argentina,54,680,12.6
2019,10,Pontevedra,América,Argentina,357,3749,10.5
2019,10,Salamanca,América,Argentina,103,814,7.9
2019,10,Santa Cruz de Tenerife,América,Argentina,233,2400,10.3
2019,10,Segovia,América,Argentina,35,238,6.8
2019,10,Sevilla,América,Argentina,505,4596,9.1
2019,10,Tarragona,América,Argentina,266,2341,8.8
2019,10,Toledo,América,Argentina,160,816,5.1
2019,10,Total Nacional,América,Argentina,29873,218077,7.3
2019,10,Valencia/València,América,Argentina,557,5124,9.2
2019,10,Valladolid,América,Argentina,38,243,6.4
2019,10,Zaragoza,América,Argentina,112,1064,9.5
2019,11,A Coruña,América,Argentina,151,1721,11.4
2019,11,Alicante/Alacant,América,Argentina,357,3749,10.5
2019,11,Almería,América,Argentina,87,974,11.2
2019,11,Asturias,América,Argentina,93,1014,10.9
2019,11,Barcelona,América,Argentina,5292,37044,7
2019,11,Bizkaia,América,Argentina,102,1122,11
2019,11,Cantabria,América,Argentina,34,384,11.3
2019,11,Castellón/Castelló,América,Argentina,70,455,6.5
2019,11,Cádiz,América,Argentina,205,1722,8.4
2019,11,Córdoba,América,Argentina,43,447,10.4
2019,11,Gipuzkoa,América,Argentina,107,1102,10.3
2019,11,Girona,América,Argentina,194,1765,9.1
2019,11,Granada,América,Argentina,196,1686,8.6
2019,11,Guadalajara,América,Argentina,45,315,7
2019,11,Illes Balears,América,Argentina,518,5853,11.3
2019,11,La Rioja,América,Argentina,33,314,9.5
2019,11,Las Palmas,América,Argentina,201,2030,10.1
2019,11,León,América,Argentina,38,300,7.9
2019,11,Lleida,América,Argentina,56,448,8
2019,11,Lugo,América,Argentina,32,339,10.6
2019,11,Madrid,América,Argentina,7816,46896,6
2019,11,Murcia,América,Argentina,80,880,11
2019,11,Málaga,América,Argentina,749,7865,10.5
2019,11,Navarra,América,Argentina,54,464,8.6
2019,11,Pontevedra,América,Argentina,130,1690,13
2019,11,Salamanca,América,Argentina,49,417,8.5
2019,11,Santa Cruz de Tenerife,América,Argentina,118,1180,10
2019,11,Sevilla,América,Argentina,312,3214,10.3
2019,11,Tarragona,América,Argentina,176,1742,9.9
2019,11,Toledo,América,Argentina,102,632,6.2
2019,11,Total Nacional,América,Argentina,18275,135324,7.4
2019,11,Valencia/València,América,Argentina,388,3880,10
2019,11,Valladolid,América,Argentina,33,432,13.1
2019,11,Zaragoza,América,Argentina,91,810,8.9
2019,12,A Coruña,América,Argentina,129,1355,10.5
2019,12,Alicante/Alacant,América,Argentina,313,3287,10.5
2019,12,Almería,América,Argentina,75,833,11.1
2019,12,Asturias,América,Argentina,86,783,9.1
2019,12,Barcelona,América,Argentina,4195,28107,6.7
2019,12,Bizkaia,América,Argentina,71,675,9.5
2019,12,Cantabria,América,Argentina,34,337,9.9
2019,12,Castellón/Castelló,América,Argentina,58,539,9.3
2019,12,Cádiz,América,Argentina,96,778,8.1
2019,12,Córdoba,América,Argentina,40,308,7.7
2019,12,Gipuzkoa,América,Argentina,93,660,7.1
2019,12,Girona,América,Argentina,107,1049,9.8
2019,12,Granada,América,Argentina,125,1113,8.9
2019,12,Guadalajara,América,Argentina,36,270,7.5
2019,12,Illes Balears,América,Argentina,348,3550,10.2
2019,12,La Rioja,América,Argentina,34,221,6.5
2019,12,Las Palmas,América,Argentina,187,1646,8.8
2019,12,Lleida,América,Argentina,75,653,8.7
2019,12,Madrid,América,Argentina,6206,28548,4.6
2019,12,Murcia,América,Argentina,75,878,11.7
2019,12,Málaga,América,Argentina,575,5693,9.9
2019,12,Navarra,América,Argentina,33,330,10
2019,12,Pontevedra,América,Argentina,101,869,8.6
2019,12,Santa Cruz de Tenerife,América,Argentina,138,1449,10.5
2019,12,Segovia,América,Argentina,34,139,4.1
2019,12,Sevilla,América,Argentina,167,1453,8.7
2019,12,Tarragona,América,Argentina,144,1267,8.8
2019,12,Toledo,América,Argentina,80,432,5.4
2019,12,Total Nacional,América,Argentina,14458,94717,6.6
2019,12,Valencia/València,América,Argentina,378,3704,9.8
2019,12,Zaragoza,América,Argentina,69,794,11.5
2020,1,A Coruña,América,Argentina,165,1716,10.4
2020,1,Alicante/Alacant,América,Argentina,294,3528,12
2020,1,Almería,América,Argentina,89,1113,12.5
2020,1,Araba/Álava,América,Argentina,31,394,12.7
2020,1,Asturias,América,Argentina,95,1055,11.1
2020,1,Badajoz,América,Argentina,30,333,11.1
2020,1,Barcelona,América,Argentina,5630,36595,6.5
2020,1,Bizkaia,América,Argentina,106,1155,10.9
2020,1,Burgos,América,Argentina,34,337,9.9
2020,1,Cantabria,América,Argentina,44,471,10.7
2020,1,Castellón/Castelló,América,Argentina,54,605,11.2
2020,1,Cádiz,América,Argentina,114,1163,10.2
2020,1,Córdoba,América,Argentina,89,694,7.8
2020,1,Gipuzkoa,América,Argentina,114,1049,9.2
2020,1,Girona,América,Argentina,181,1738,9.6
2020,1,Granada,América,Argentina,244,2367,9.7
2020,1,Huesca,América,Argentina,32,320,10
2020,1,Illes Balears,América,Argentina,465,5813,12.5
2020,1,Las Palmas,América,Argentina,268,2626,9.8
2020,1,León,América,Argentina,35,375,10.7
2020,1,Lleida,América,Argentina,105,1061,10.1
2020,1,Madrid,América,Argentina,9165,48575,5.3
2020,1,Murcia,América,Argentina,80,904,11.3
2020,1,Málaga,América,Argentina,818,9980,12.2
2020,1,Navarra,América,Argentina,46,488,10.6
2020,1,Pontevedra,América,Argentina,139,1890,13.6
2020,1,Salamanca,América,Argentina,49,461,9.4
2020,1,Santa Cruz de Tenerife,América,Argentina,129,1638,12.7
2020,1,Sevilla,América,Argentina,404,4040,10
2020,1,Tarragona,América,Argentina,181,1882,10.4
2020,1,Toledo,América,Argentina,112,930,8.3
2020,1,Total Nacional,América,Argentina,20289,145720,7.2
2020,1,Valencia/València,América,Argentina,498,6076,12.2
2020,1,Valladolid,América,Argentina,36,385,10.7
2020,1,Zaragoza,América,Argentina,80,832,10.4
2020,2,A Coruña,América,Argentina,139,1612,11.6
2020,2,Alicante/Alacant,América,Argentina,304,3253,10.7
2020,2,Almería,América,Argentina,106,1208,11.4
2020,2,Asturias,América,Argentina,104,1258,12.1
2020,2,Barcelona,América,Argentina,5972,41804,7
2020,2,Bizkaia,América,Argentina,89,854,9.6
2020,2,Cantabria,América,Argentina,50,515,10.3
2020,2,Castellón/Castelló,América,Argentina,54,637,11.8
2020,2,Cádiz,América,Argentina,109,894,8.2
2020,2,Córdoba,América,Argentina,83,614,7.4
2020,2,Gipuzkoa,América,Argentina,114,1243,10.9
2020,2,Girona,América,Argentina,169,1724,10.2
2020,2,Granada,América,Argentina,249,2042,8.2
2020,2,Guadalajara,América,Argentina,32,339,10.6
2020,2,Illes Balears,América,Argentina,445,4940,11.1
2020,2,La Rioja,América,Argentina,30,282,9.4
2020,2,Las Palmas,América,Argentina,205,2091,10.2
2020,2,Lleida,América,Argentina,118,1239,10.5
2020,2,Madrid,América,Argentina,10109,51556,5.1
2020,2,Murcia,América,Argentina,99,980,9.9
2020,2,Málaga,América,Argentina,659,7249,11
2020,2,Navarra,América,Argentina,53,615,11.6
2020,2,Pontevedra,América,Argentina,101,970,9.6
2020,2,Salamanca,América,Argentina,76,889,11.7
2020,2,Santa Cruz de Tenerife,América,Argentina,138,1490,10.8
2020,2,Sevilla,América,Argentina,356,3631,10.2
2020,2,Tarragona,América,Argentina,191,1872,9.8
2020,2,Toledo,América,Argentina,108,583,5.4
2020,2,Total Nacional,América,Argentina,21150,145955,6.9
2020,2,Valencia/València,América,Argentina,417,4587,11
2020,2,Valladolid,América,Argentina,35,382,10.9
2020,2,Zaragoza,América,Argentina,92,1104,12
2020,3,A Coruña,América,Argentina,128,1229,9.6
2020,3,Alicante/Alacant,América,Argentina,291,3376,11.6
2020,3,Almería,América,Argentina,51,683,13.4
2020,3,Asturias,América,Argentina,68,578,8.5
2020,3,Barcelona,América,Argentina,3881,30660,7.9
2020,3,Bizkaia,América,Argentina,77,624,8.1
2020,3,Cantabria,América,Argentina,31,322,10.4
2020,3,Castellón/Castelló,América,Argentina,47,512,10.9
2020,3,Cádiz,América,Argentina,86,722,8.4
2020,3,Córdoba,América,Argentina,40,448,11.2
2020,3,Gipuzkoa,América,Argentina,92,911,9.9
2020,3,Girona,América,Argentina,125,1325,10.6
2020,3,Granada,América,Argentina,142,1179,8.3
2020,3,Illes Balears,América,Argentina,399,4229,10.6
2020,3,La Rioja,América,Argentina,31,245,7.9
2020,3,Las Palmas,América,Argentina,192,1786,9.3
2020,3,Lleida,América,Argentina,75,668,8.9
2020,3,Madrid,América,Argentina,5928,38532,6.5
2020,3,Murcia,América,Argentina,89,979,11
2020,3,Málaga,América,Argentina,586,6856,11.7
2020,3,Navarra,América,Argentina,38,388,10.2
2020,3,Pontevedra,América,Argentina,74,910,12.3
2020,3,Salamanca,América,Argentina,37,326,8.8
2020,3,Santa Cruz de Tenerife,América,Argentina,209,1902,9.1
2020,3,Sevilla,América,Argentina,227,2225,9.8
2020,3,Tarragona,América,Argentina,132,1254,9.5
2020,3,Toledo,América,Argentina,50,295,5.9
2020,3,Total Nacional,América,Argentina,13961,110791,7.9
2020,3,Valencia/València,América,Argentina,457,4433,9.7
2020,3,Zaragoza,América,Argentina,53,546,10.3
2020,4,A Coruña,América,Argentina,41,521,12.7
2020,4,Alicante/Alacant,América,Argentina,137,1713,12.5
2020,4,Almería,América,Argentina,48,518,10.8
2020,4,Asturias,América,Argentina,40,540,13.5
2020,4,Barcelona,América,Argentina,815,9943,12.2
2020,4,Cádiz,América,Argentina,38,270,7.1
2020,4,Girona,América,Argentina,40,484,12.1
2020,4,Granada,América,Argentina,47,475,10.1
2020,4,Illes Balears,América,Argentina,245,2989,12.2
2020,4,Las Palmas,América,Argentina,183,1190,6.5
2020,4,Madrid,América,Argentina,601,7152,11.9
2020,4,Murcia,América,Argentina,41,422,10.3
2020,4,Málaga,América,Argentina,278,3308,11.9
2020,4,Pontevedra,América,Argentina,32,458,14.3
2020,4,Santa Cruz de Tenerife,América,Argentina,56,650,11.6
2020,4,Sevilla,América,Argentina,30,405,13.5
2020,4,Tarragona,América,Argentina,94,1109,11.8
2020,4,Total Nacional,América,Argentina,3206,37122,11.6
2020,4,Valencia/València,América,Argentina,169,1927,11.4
2020,5,A Coruña,América,Argentina,50,610,12.2
2020,5,Alicante/Alacant,América,Argentina,146,2029,13.9
2020,5,Almería,América,Argentina,46,598,13
2020,5,Asturias,América,Argentina,41,529,12.9
2020,5,Barcelona,América,Argentina,866,11691,13.5
2020,5,Bizkaia,América,Argentina,33,274,8.3
2020,5,Cádiz,América,Argentina,62,384,6.2
2020,5,Girona,América,Argentina,62,868,14
2020,5,Granada,América,Argentina,36,410,11.4
2020,5,Illes Balears,América,Argentina,216,2614,12.1
2020,5,Las Palmas,América,Argentina,154,1417,9.2
2020,5,Lleida,América,Argentina,48,0,.
2020,5,Madrid,América,Argentina,565,7289,12.9
2020,5,Murcia,América,Argentina,34,320,9.4
2020,5,Málaga,América,Argentina,256,3942,15.4
2020,5,Pontevedra,América,Argentina,33,383,11.6
2020,5,Santa Cruz de Tenerife,América,Argentina,48,514,10.7
2020,5,Sevilla,América,Argentina,34,578,17
2020,5,Tarragona,América,Argentina,86,1109,12.9
2020,5,Total Nacional,América,Argentina,3260,41885,12.8
2020,5,Valencia/València,América,Argentina,178,2563,14.4
2020,5,Zaragoza,América,Argentina,30,273,9.1
2020,6,A Coruña,América,Argentina,36,328,9.1
2020,6,Alicante/Alacant,América,Argentina,113,1220,10.8
2020,6,Almería,América,Argentina,43,400,9.3
2020,6,Asturias,América,Argentina,38,532,14
2020,6,Barcelona,América,Argentina,759,7818,10.3
2020,6,Cádiz,América,Argentina,56,308,5.5
2020,6,Girona,América,Argentina,58,650,11.2
2020,6,Granada,América,Argentina,38,380,10
2020,6,Illes Balears,América,Argentina,186,2195,11.8
2020,6,Las Palmas,América,Argentina,94,602,6.4
2020,6,Madrid,América,Argentina,444,4618,10.4
2020,6,Murcia,América,Argentina,33,366,11.1
2020,6,Málaga,América,Argentina,210,2583,12.3
2020,6,Santa Cruz de Tenerife,América,Argentina,41,336,8.2
2020,6,Tarragona,América,Argentina,64,614,9.6
2020,6,Total Nacional,América,Argentina,2711,28198,10.4
2020,6,Valencia/València,América,Argentina,164,1968,12
2020,7,Alicante/Alacant,América,Argentina,103,1236,12
2020,7,Almería,América,Argentina,30,345,11.5
2020,7,Barcelona,América,Argentina,737,9286,12.6
2020,7,Cádiz,América,Argentina,32,259,8.1
2020,7,Girona,América,Argentina,60,630,10.5
2020,7,Illes Balears,América,Argentina,193,2181,11.3
2020,7,Las Palmas,América,Argentina,64,582,9.1
2020,7,Madrid,América,Argentina,563,6193,11
2020,7,Málaga,América,Argentina,193,2297,11.9
2020,7,Pontevedra,América,Argentina,46,455,9.9
2020,7,Santa Cruz de Tenerife,América,Argentina,66,733,11.1
2020,7,Tarragona,América,Argentina,44,502,11.4
2020,7,Total Nacional,América,Argentina,2736,31370,11.5
2020,7,Valencia/València,América,Argentina,162,1798,11.1
2020,8,Alicante/Alacant,América,Argentina,111,1476,13.3
2020,8,Barcelona,América,Argentina,609,7673,12.6
2020,8,Castellón/Castelló,América,Argentina,31,384,12.4
2020,8,Cádiz,América,Argentina,44,585,13.3
2020,8,Gipuzkoa,América,Argentina,31,474,15.3
2020,8,Girona,América,Argentina,62,843,13.6
2020,8,Illes Balears,América,Argentina,250,3250,13
2020,8,Las Palmas,América,Argentina,44,400,9.1
2020,8,Madrid,América,Argentina,653,7118,10.9
2020,8,Málaga,América,Argentina,228,3124,13.7
2020,8,Pontevedra,América,Argentina,41,439,10.7
2020,8,Santa Cruz de Tenerife,América,Argentina,55,644,11.7
2020,8,Tarragona,América,Argentina,46,658,14.3
2020,8,Total Nacional,América,Argentina,2735,33564,12.3
2020,8,Valencia/València,América,Argentina,146,1825,12.5
2020,9,A Coruña,América,Argentina,35,406,11.6
2020,9,Alicante/Alacant,América,Argentina,118,1357,11.5
2020,9,Almería,América,Argentina,30,213,7.1
2020,9,Barcelona,América,Argentina,791,7831,9.9
2020,9,Cádiz,América,Argentina,43,417,9.7
2020,9,Gipuzkoa,América,Argentina,41,414,10.1
2020,9,Girona,América,Argentina,61,659,10.8
2020,9,Granada,América,Argentina,30,369,12.3
2020,9,Illes Balears,América,Argentina,240,2664,11.1
2020,9,Las Palmas,América,Argentina,48,514,10.7
2020,9,Madrid,América,Argentina,884,6895,7.8
2020,9,Málaga,América,Argentina,199,2209,11.1
2020,9,Pontevedra,América,Argentina,46,483,10.5
2020,9,Santa Cruz de Tenerife,América,Argentina,41,381,9.3
2020,9,Tarragona,América,Argentina,47,625,13.3
2020,9,Total Nacional,América,Argentina,3175,30982,9.8
2020,9,Valencia/València,América,Argentina,172,1944,11.3
2020,10,A Coruña,América,Argentina,40,612,15.3
2020,10,Alicante/Alacant,América,Argentina,118,1593,13.5
2020,10,Almería,América,Argentina,37,433,11.7
2020,10,Barcelona,América,Argentina,819,9828,12
2020,10,Cádiz,América,Argentina,33,333,10.1
2020,10,Gipuzkoa,América,Argentina,32,422,13.2
2020,10,Girona,América,Argentina,60,726,12.1
2020,10,Granada,América,Argentina,38,353,9.3
2020,10,Illes Balears,América,Argentina,162,2414,14.9
2020,10,Las Palmas,América,Argentina,63,548,8.7
2020,10,Madrid,América,Argentina,990,10296,10.4
2020,10,Murcia,América,Argentina,31,400,12.9
2020,10,Málaga,América,Argentina,243,3645,15
2020,10,Pontevedra,América,Argentina,47,663,14.1
2020,10,Santa Cruz de Tenerife,América,Argentina,40,524,13.1
2020,10,Sevilla,América,Argentina,35,504,14.4
2020,10,Tarragona,América,Argentina,49,701,14.3
2020,10,Total Nacional,América,Argentina,3261,38959,11.9
2020,10,Valencia/València,América,Argentina,171,2257,13.2
2020,11,A Coruña,América,Argentina,33,356,10.8
2020,11,Alicante/Alacant,América,Argentina,103,999,9.7
2020,11,Barcelona,América,Argentina,679,6111,9
2020,11,Gipuzkoa,América,Argentina,30,282,9.4
2020,11,Girona,América,Argentina,40,376,9.4
2020,11,Granada,América,Argentina,30,255,8.5
2020,11,Illes Balears,América,Argentina,143,1416,9.9
2020,11,Las Palmas,América,Argentina,52,286,5.5
2020,11,Madrid,América,Argentina,1037,6948,6.7
2020,11,Málaga,América,Argentina,214,2097,9.8
2020,11,Pontevedra,América,Argentina,34,292,8.6
2020,11,Santa Cruz de Tenerife,América,Argentina,37,285,7.7
2020,11,Sevilla,América,Argentina,34,343,10.1
2020,11,Tarragona,América,Argentina,41,435,10.6
2020,11,Total Nacional,América,Argentina,2925,24704,8.4
2020,11,Valencia/València,América,Argentina,119,1190,10
2020,12,A Coruña,América,Argentina,41,533,13
2020,12,Alicante/Alacant,América,Argentina,108,1458,13.5
2020,12,Almería,América,Argentina,31,341,11
2020,12,Barcelona,América,Argentina,733,7843,10.7
2020,12,Cádiz,América,Argentina,40,364,9.1
2020,12,Gipuzkoa,América,Argentina,32,381,11.9
2020,12,Girona,América,Argentina,40,532,13.3
2020,12,Granada,América,Argentina,39,386,9.9
2020,12,Illes Balears,América,Argentina,140,1834,13.1
2020,12,Las Palmas,América,Argentina,57,656,11.5
2020,12,Madrid,América,Argentina,1042,8649,8.3
2020,12,Murcia,América,Argentina,32,298,9.3
2020,12,Málaga,América,Argentina,209,2759,13.2
2020,12,Pontevedra,América,Argentina,53,652,12.3
2020,12,Santa Cruz de Tenerife,América,Argentina,43,546,12.7
2020,12,Sevilla,América,Argentina,34,483,14.2
2020,12,Tarragona,América,Argentina,44,431,9.8
2020,12,Total Nacional,América,Argentina,3156,33087,10.5
2020,12,Valencia/València,América,Argentina,132,1439,10.9
2020,12,Zaragoza,América,Argentina,30,405,13.5
2021,1,A Coruña,América,Argentina,35,319,9.1
2021,1,Alicante/Alacant,América,Argentina,94,808,8.6
2021,1,Barcelona,América,Argentina,841,6223,7.4
2021,1,Cádiz,América,Argentina,37,296,8
2021,1,Girona,América,Argentina,35,287,8.2
2021,1,Granada,América,Argentina,36,248,6.9
2021,1,Illes Balears,América,Argentina,149,1341,9
2021,1,Las Palmas,América,Argentina,46,350,7.6
2021,1,Madrid,América,Argentina,1101,5945,5.4
2021,1,Málaga,América,Argentina,240,2016,8.4
2021,1,Pontevedra,América,Argentina,39,394,10.1
2021,1,Santa Cruz de Tenerife,América,Argentina,36,349,9.7
2021,1,Sevilla,América,Argentina,33,241,7.3
2021,1,Tarragona,América,Argentina,63,592,9.4
2021,1,Total Nacional,América,Argentina,3275,23229,7.1
2021,1,Valencia/València,América,Argentina,142,1150,8.1
2021,2,A Coruña,América,Argentina,41,496,12.1
2021,2,Alicante/Alacant,América,Argentina,95,922,9.7
2021,2,Barcelona,América,Argentina,797,6137,7.7
2021,2,Illes Balears,América,Argentina,104,832,8
2021,2,Las Palmas,América,Argentina,61,390,6.4
2021,2,Madrid,América,Argentina,1253,6265,5
2021,2,Málaga,América,Argentina,215,2107,9.8
2021,2,Santa Cruz de Tenerife,América,Argentina,43,348,8.1
2021,2,Tarragona,América,Argentina,33,314,9.5
2021,2,Total Nacional,América,Argentina,3206,22803,7.1
2021,2,Valencia/València,América,Argentina,121,1258,10.4
2021,3,A Coruña,América,Argentina,40,372,9.3
2021,3,Alicante/Alacant,América,Argentina,132,1201,9.1
2021,3,Asturias,América,Argentina,32,269,8.4
2021,3,Barcelona,América,Argentina,980,8036,8.2
2021,3,Gipuzkoa,América,Argentina,33,162,4.9
2021,3,Girona,América,Argentina,35,396,11.3
2021,3,Granada,América,Argentina,38,285,7.5
2021,3,Illes Balears,América,Argentina,141,1142,8.1
2021,3,Las Palmas,América,Argentina,60,342,5.7
2021,3,Madrid,América,Argentina,1523,9595,6.3
2021,3,Málaga,América,Argentina,337,3471,10.3
2021,3,Santa Cruz de Tenerife,América,Argentina,39,316,8.1
2021,3,Sevilla,América,Argentina,30,273,9.1
2021,3,Tarragona,América,Argentina,60,612,10.2
2021,3,Total Nacional,América,Argentina,4048,31170,7.7
2021,3,Valencia/València,América,Argentina,177,1593,9
2021,4,A Coruña,América,Argentina,30,279,9.3
2021,4,Alicante/Alacant,América,Argentina,142,1349,9.5
2021,4,Almería,América,Argentina,32,262,8.2
2021,4,Asturias,América,Argentina,45,446,9.9
2021,4,Barcelona,América,Argentina,1010,7474,7.4
2021,4,Bizkaia,América,Argentina,39,335,8.6
2021,4,Cádiz,América,Argentina,42,231,5.5
2021,4,Gipuzkoa,América,Argentina,38,213,5.6
2021,4,Girona,América,Argentina,53,339,6.4
2021,4,Granada,América,Argentina,31,174,5.6
2021,4,Illes Balears,América,Argentina,169,1420,8.4
2021,4,Las Palmas,América,Argentina,57,405,7.1
2021,4,Madrid,América,Argentina,1028,6476,6.3
2021,4,Málaga,América,Argentina,296,2575,8.7
2021,4,Santa Cruz de Tenerife,América,Argentina,38,251,6.6
2021,4,Tarragona,América,Argentina,41,443,10.8
2021,4,Total Nacional,América,Argentina,3566,26664,7.5
2021,4,Valencia/València,América,Argentina,195,1697,8.7
2021,5,A Coruña,América,Argentina,34,282,8.3
2021,5,Alicante/Alacant,América,Argentina,171,1488,8.7
2021,5,Almería,América,Argentina,39,257,6.6
2021,5,Barcelona,América,Argentina,1125,8663,7.7
2021,5,Castellón/Castelló,América,Argentina,31,171,5.5
2021,5,Cádiz,América,Argentina,44,189,4.3
2021,5,Girona,América,Argentina,44,396,9
2021,5,Granada,América,Argentina,38,327,8.6
2021,5,Illes Balears,América,Argentina,218,1613,7.4
2021,5,Las Palmas,América,Argentina,58,476,8.2
2021,5,Madrid,América,Argentina,1338,9232,6.9
2021,5,Málaga,América,Argentina,346,3149,9.1
2021,5,Pontevedra,América,Argentina,36,317,8.8
2021,5,Santa Cruz de Tenerife,América,Argentina,34,309,9.1
2021,5,Sevilla,América,Argentina,35,336,9.6
2021,5,Tarragona,América,Argentina,71,653,9.2
2021,5,Total Nacional,América,Argentina,4224,32559,7.7
2021,5,Valencia/València,América,Argentina,203,1746,8.6
2021,5,Zaragoza,América,Argentina,31,270,8.7
2021,6,A Coruña,América,Argentina,46,391,8.5
2021,6,Alicante/Alacant,América,Argentina,242,2033,8.4
2021,6,Almería,América,Argentina,44,387,8.8
2021,6,Asturias,América,Argentina,40,376,9.4
2021,6,Barcelona,América,Argentina,1579,12158,7.7
2021,6,Castellón/Castelló,América,Argentina,38,266,7
2021,6,Cádiz,América,Argentina,50,335,6.7
2021,6,Gipuzkoa,América,Argentina,37,252,6.8
2021,6,Girona,América,Argentina,74,533,7.2
2021,6,Granada,América,Argentina,44,348,7.9
2021,6,Illes Balears,América,Argentina,424,3562,8.4
2021,6,Las Palmas,América,Argentina,67,328,4.9
2021,6,Madrid,América,Argentina,2511,14062,5.6
2021,6,Málaga,América,Argentina,532,4788,9
2021,6,Pontevedra,América,Argentina,48,432,9
2021,6,Santa Cruz de Tenerife,América,Argentina,52,473,9.1
2021,6,Sevilla,América,Argentina,41,250,6.1
2021,6,Tarragona,América,Argentina,77,593,7.7
2021,6,Total Nacional,América,Argentina,6536,46142,7.1
2021,6,Valencia/València,América,Argentina,256,2125,8.3
2021,7,A Coruña,América,Argentina,47,423,9
2021,7,Alicante/Alacant,América,Argentina,339,2915,8.6
2021,7,Almería,América,Argentina,49,441,9
2021,7,Asturias,América,Argentina,59,460,7.8
2021,7,Barcelona,América,Argentina,1952,16006,8.2
2021,7,Bizkaia,América,Argentina,36,263,7.3
2021,7,Castellón/Castelló,América,Argentina,35,287,8.2
2021,7,Cádiz,América,Argentina,76,540,7.1
2021,7,Gipuzkoa,América,Argentina,67,449,6.7
2021,7,Girona,América,Argentina,125,950,7.6
2021,7,Granada,América,Argentina,60,390,6.5
2021,7,Illes Balears,América,Argentina,811,6731,8.3
2021,7,Las Palmas,América,Argentina,106,668,6.3
2021,7,Madrid,América,Argentina,3006,18337,6.1
2021,7,Murcia,América,Argentina,44,418,9.5
2021,7,Málaga,América,Argentina,657,5913,9
2021,7,Pontevedra,América,Argentina,55,479,8.7
2021,7,Santa Cruz de Tenerife,América,Argentina,83,639,7.7
2021,7,Sevilla,América,Argentina,66,528,8
2021,7,Tarragona,América,Argentina,99,861,8.7
2021,7,Total Nacional,América,Argentina,8535,64155,7.5
2021,7,Valencia/València,América,Argentina,394,3349,8.5
2021,8,A Coruña,América,Argentina,71,880,12.4
2021,8,Alicante/Alacant,América,Argentina,432,4795,11.1
2021,8,Almería,América,Argentina,70,749,10.7
2021,8,Asturias,América,Argentina,92,994,10.8
2021,8,Barcelona,América,Argentina,2081,24972,12
2021,8,Bizkaia,América,Argentina,35,357,10.2
2021,8,Cantabria,América,Argentina,31,288,9.3
2021,8,Castellón/Castelló,América,Argentina,47,475,10.1
2021,8,Cádiz,América,Argentina,148,1495,10.1
2021,8,Gipuzkoa,América,Argentina,60,636,10.6
2021,8,Girona,América,Argentina,162,1733,10.7
2021,8,Granada,América,Argentina,75,615,8.2
2021,8,Illes Balears,América,Argentina,999,12288,12.3
2021,8,Las Palmas,América,Argentina,114,718,6.3
2021,8,Lleida,América,Argentina,35,315,9
2021,8,Madrid,América,Argentina,3340,22378,6.7
2021,8,Murcia,América,Argentina,36,317,8.8
2021,8,Málaga,América,Argentina,737,8844,12
2021,8,Navarra,América,Argentina,35,473,13.5
2021,8,Pontevedra,América,Argentina,86,894,10.4
2021,8,Santa Cruz de Tenerife,América,Argentina,88,1082,12.3
2021,8,Sevilla,América,Argentina,64,678,10.6
2021,8,Tarragona,América,Argentina,159,1558,9.8
2021,8,Total Nacional,América,Argentina,9812,95489,9.7
2021,8,Valencia/València,América,Argentina,426,4643,10.9
2021,8,Zaragoza,América,Argentina,60,588,9.8
2021,9,A Coruña,América,Argentina,99,1040,10.5
2021,9,Alicante/Alacant,América,Argentina,424,4834,11.4
2021,9,Almería,América,Argentina,73,745,10.2
2021,9,Asturias,América,Argentina,80,848,10.6
2021,9,Barcelona,América,Argentina,2478,23045,9.3
2021,9,Bizkaia,América,Argentina,50,405,8.1
2021,9,Cantabria,América,Argentina,43,323,7.5
2021,9,Castellón/Castelló,América,Argentina,64,589,9.2
2021,9,Cádiz,América,Argentina,108,1102,10.2
2021,9,Gipuzkoa,América,Argentina,82,631,7.7
2021,9,Girona,América,Argentina,157,1586,10.1
2021,9,Granada,América,Argentina,83,855,10.3
2021,9,Illes Balears,América,Argentina,848,8989,10.6
2021,9,Las Palmas,América,Argentina,82,730,8.9
2021,9,Madrid,América,Argentina,3634,23258,6.4
2021,9,Murcia,América,Argentina,44,387,8.8
2021,9,Málaga,América,Argentina,750,8250,11
2021,9,Navarra,América,Argentina,36,439,12.2
2021,9,Pontevedra,América,Argentina,73,737,10.1
2021,9,Santa Cruz de Tenerife,América,Argentina,55,490,8.9
2021,9,Sevilla,América,Argentina,92,773,8.4
2021,9,Tarragona,América,Argentina,130,1430,11
2021,9,Toledo,América,Argentina,43,335,7.8
2021,9,Total Nacional,América,Argentina,10423,90819,8.7
2021,9,Valencia/València,América,Argentina,487,5357,11
2021,9,Zaragoza,América,Argentina,50,400,8
2021,10,A Coruña,América,Argentina,97,931,9.6
2021,10,Alicante/Alacant,América,Argentina,444,4484,10.1
2021,10,Almería,América,Argentina,68,619,9.1
2021,10,Asturias,América,Argentina,87,940,10.8
2021,10,Barcelona,América,Argentina,3257,30290,9.3
2021,10,Bizkaia,América,Argentina,75,683,9.1
2021,10,Cantabria,América,Argentina,31,341,11
2021,10,Castellón/Castelló,América,Argentina,67,616,9.2
2021,10,Cádiz,América,Argentina,91,810,8.9
2021,10,Córdoba,América,Argentina,31,186,6
2021,10,Gipuzkoa,América,Argentina,105,861,8.2
2021,10,Girona,América,Argentina,156,1576,10.1
2021,10,Granada,América,Argentina,115,966,8.4
2021,10,Illes Balears,América,Argentina,761,8599,11.3
2021,10,Las Palmas,América,Argentina,98,823,8.4
2021,10,Lleida,América,Argentina,51,413,8.1
2021,10,Madrid,América,Argentina,5124,34331,6.7
2021,10,Murcia,América,Argentina,54,481,8.9
2021,10,Málaga,América,Argentina,883,10155,11.5
2021,10,Navarra,América,Argentina,44,436,9.9
2021,10,Pontevedra,América,Argentina,104,967,9.3
2021,10,Santa Cruz de Tenerife,América,Argentina,118,1239,10.5
2021,10,Sevilla,América,Argentina,115,1035,9
2021,10,Tarragona,América,Argentina,146,1445,9.9
2021,10,Toledo,América,Argentina,48,259,5.4
2021,10,Total Nacional,América,Argentina,13166,113992,8.7
2021,10,Valencia/València,América,Argentina,602,7104,11.8
2021,10,Valladolid,América,Argentina,35,273,7.8
2021,10,Zaragoza,América,Argentina,65,611,9.4
2021,11,A Coruña,América,Argentina,80,792,9.9
2021,11,Alicante/Alacant,América,Argentina,394,3585,9.1
2021,11,Almería,América,Argentina,56,515,9.2
2021,11,Asturias,América,Argentina,57,519,9.1
2021,11,Barcelona,América,Argentina,3204,24350,7.6
2021,11,Bizkaia,América,Argentina,64,467,7.3
2021,11,Cantabria,América,Argentina,36,299,8.3
2021,11,Castellón/Castelló,América,Argentina,60,456,7.6
2021,11,Cádiz,América,Argentina,80,608,7.6
2021,11,Córdoba,América,Argentina,35,210,6
2021,11,Gipuzkoa,América,Argentina,71,582,8.2
2021,11,Girona,América,Argentina,119,1238,10.4
2021,11,Granada,América,Argentina,102,908,8.9
2021,11,Illes Balears,América,Argentina,472,4767,10.1
2021,11,Las Palmas,América,Argentina,121,956,7.9
2021,11,Lleida,América,Argentina,54,346,6.4
2021,11,Madrid,América,Argentina,6007,33639,5.6
2021,11,Murcia,América,Argentina,58,418,7.2
2021,11,Málaga,América,Argentina,827,8601,10.4
2021,11,Navarra,América,Argentina,51,541,10.6
2021,11,Pontevedra,América,Argentina,74,755,10.2
2021,11,Santa Cruz de Tenerife,América,Argentina,89,917,10.3
2021,11,Sevilla,América,Argentina,137,1178,8.6
2021,11,Tarragona,América,Argentina,156,1466,9.4
2021,11,Toledo,América,Argentina,54,297,5.5
2021,11,Total Nacional,América,Argentina,13484,98180,7.3
2021,11,Valencia/València,América,Argentina,603,6151,10.2
2021,11,Valladolid,América,Argentina,33,257,7.8
2021,11,Zaragoza,América,Argentina,66,634,9.6
2021,12,A Coruña,América,Argentina,127,1245,9.8
2021,12,Alicante/Alacant,América,Argentina,450,3915,8.7
2021,12,Almería,América,Argentina,111,799,7.2
2021,12,Asturias,América,Argentina,95,931,9.8
2021,12,Barcelona,América,Argentina,2682,20651,7.7
2021,12,Bizkaia,América,Argentina,66,574,8.7
2021,12,Castellón/Castelló,América,Argentina,52,416,8
2021,12,Cádiz,América,Argentina,54,454,8.4
2021,12,Córdoba,América,Argentina,36,407,11.3
2021,12,Gipuzkoa,América,Argentina,52,380,7.3
2021,12,Girona,América,Argentina,112,762,6.8
2021,12,Granada,América,Argentina,101,737,7.3
2021,12,Illes Balears,América,Argentina,412,3667,8.9
2021,12,Las Palmas,América,Argentina,205,1230,6
2021,12,Lleida,América,Argentina,41,275,6.7
2021,12,Madrid,América,Argentina,5733,29812,5.2
2021,12,Murcia,América,Argentina,77,716,9.3
2021,12,Málaga,América,Argentina,854,7686,9
2021,12,Navarra,América,Argentina,64,666,10.4
2021,12,Pontevedra,América,Argentina,96,835,8.7
2021,12,Santa Cruz de Tenerife,América,Argentina,87,757,8.7
2021,12,Sevilla,América,Argentina,125,1038,8.3
2021,12,Tarragona,América,Argentina,165,1485,9
2021,12,Toledo,América,Argentina,63,372,5.9
2021,12,Total Nacional,América,Argentina,12950,89690,6.9
2021,12,Valencia/València,América,Argentina,672,6182,9.2
2021,12,Valladolid,América,Argentina,30,279,9.3
2021,12,Zaragoza,América,Argentina,75,780,10.4
2022,1,A Coruña,América,Argentina,96,989,10.3
2022,1,Alicante/Alacant,América,Argentina,273,2867,10.5
2022,1,Almería,América,Argentina,64,531,8.3
2022,1,Asturias,América,Argentina,72,677,9.4
2022,1,Barcelona,América,Argentina,1940,18818,9.7
2022,1,Bizkaia,América,Argentina,68,646,9.5
2022,1,Castellón/Castelló,América,Argentina,49,510,10.4
2022,1,Cádiz,América,Argentina,68,673,9.9
2022,1,Córdoba,América,Argentina,40,384,9.6
2022,1,Gipuzkoa,América,Argentina,74,651,8.8
2022,1,Girona,América,Argentina,121,1174,9.7
2022,1,Granada,América,Argentina,133,1170,8.8
2022,1,Illes Balears,América,Argentina,298,3338,11.2
2022,1,Las Palmas,América,Argentina,141,1325,9.4
2022,1,Lleida,América,Argentina,78,554,7.1
2022,1,Madrid,América,Argentina,3735,30627,8.2
2022,1,Murcia,América,Argentina,48,442,9.2
2022,1,Málaga,América,Argentina,592,7104,12
2022,1,Navarra,América,Argentina,33,347,10.5
2022,1,Pontevedra,América,Argentina,98,1127,11.5
2022,1,Santa Cruz de Tenerife,América,Argentina,65,806,12.4
2022,1,Sevilla,América,Argentina,131,1336,10.2
2022,1,Tarragona,América,Argentina,94,940,10
2022,1,Toledo,América,Argentina,76,479,6.3
2022,1,Total Nacional,América,Argentina,9137,85417,9.3
2022,1,Valencia/València,América,Argentina,350,4165,11.9
2022,1,Zaragoza,América,Argentina,62,942,15.2
2022,2,A Coruña,América,Argentina,63,554,8.8
2022,2,Alicante/Alacant,América,Argentina,211,2194,10.4
2022,2,Almería,América,Argentina,41,402,9.8
2022,2,Asturias,América,Argentina,46,345,7.5
2022,2,Barcelona,América,Argentina,1913,15687,8.2
2022,2,Bizkaia,América,Argentina,49,544,11.1
2022,2,Castellón/Castelló,América,Argentina,48,494,10.3
2022,2,Cádiz,América,Argentina,49,451,9.2
2022,2,Gipuzkoa,América,Argentina,64,525,8.2
2022,2,Girona,América,Argentina,75,630,8.4
2022,2,Granada,América,Argentina,77,662,8.6
2022,2,Illes Balears,América,Argentina,213,1853,8.7
2022,2,Las Palmas,América,Argentina,135,1215,9
2022,2,Lleida,América,Argentina,98,1156,11.8
2022,2,Madrid,América,Argentina,4240,28832,6.8
2022,2,Murcia,América,Argentina,33,271,8.2
2022,2,Málaga,América,Argentina,542,5962,11
2022,2,Navarra,América,Argentina,32,342,10.7
2022,2,Pontevedra,América,Argentina,78,850,10.9
2022,2,Santa Cruz de Tenerife,América,Argentina,78,725,9.3
2022,2,Sevilla,América,Argentina,112,1086,9.7
2022,2,Tarragona,América,Argentina,80,792,9.9
2022,2,Toledo,América,Argentina,65,397,6.1
2022,2,Total Nacional,América,Argentina,9034,72477,8
2022,2,Valencia/València,América,Argentina,344,3578,10.4
2022,2,Zaragoza,América,Argentina,53,493,9.3
2022,3,A Coruña,América,Argentina,102,1102,10.8
2022,3,Alicante/Alacant,América,Argentina,319,2967,9.3
2022,3,Almería,América,Argentina,51,581,11.4
2022,3,Asturias,América,Argentina,45,383,8.5
2022,3,Barcelona,América,Argentina,3171,22197,7
2022,3,Bizkaia,América,Argentina,60,504,8.4
2022,3,Cantabria,América,Argentina,38,429,11.3
2022,3,Castellón/Castelló,América,Argentina,53,541,10.2
2022,3,Cádiz,América,Argentina,63,617,9.8
2022,3,Córdoba,América,Argentina,36,227,6.3
2022,3,Gipuzkoa,América,Argentina,89,650,7.3
2022,3,Girona,América,Argentina,125,988,7.9
2022,3,Granada,América,Argentina,108,918,8.5
2022,3,Illes Balears,América,Argentina,319,2648,8.3
2022,3,Las Palmas,América,Argentina,153,1301,8.5
2022,3,Lleida,América,Argentina,58,452,7.8
2022,3,Madrid,América,Argentina,5882,36468,6.2
2022,3,Murcia,América,Argentina,54,470,8.7
2022,3,Málaga,América,Argentina,699,6990,10
2022,3,Navarra,América,Argentina,31,298,9.6
2022,3,Pontevedra,América,Argentina,83,714,8.6
2022,3,Salamanca,América,Argentina,35,242,6.9
2022,3,Santa Cruz de Tenerife,América,Argentina,87,974,11.2
2022,3,Sevilla,América,Argentina,179,1701,9.5
2022,3,Tarragona,América,Argentina,90,765,8.5
2022,3,Toledo,América,Argentina,60,372,6.2
2022,3,Total Nacional,América,Argentina,12829,93334,7.3
2022,3,Valencia/València,América,Argentina,531,5416,10.2
2022,3,Zaragoza,América,Argentina,50,465,9.3
2022,4,A Coruña,América,Argentina,130,1235,9.5
2022,4,Alicante/Alacant,América,Argentina,372,3422,9.2
2022,4,Almería,América,Argentina,51,459,9
2022,4,Asturias,América,Argentina,93,818,8.8
2022,4,Barcelona,América,Argentina,4527,31689,7
2022,4,Bizkaia,América,Argentina,115,1104,9.6
2022,4,Cantabria,América,Argentina,53,472,8.9
2022,4,Castellón/Castelló,América,Argentina,47,334,7.1
2022,4,Cádiz,América,Argentina,82,664,8.1
2022,4,Córdoba,América,Argentina,49,426,8.7
2022,4,Gipuzkoa,América,Argentina,122,915,7.5
2022,4,Girona,América,Argentina,173,1246,7.2
2022,4,Granada,América,Argentina,179,1253,7
2022,4,Illes Balears,América,Argentina,785,6123,7.8
2022,4,Las Palmas,América,Argentina,141,1114,7.9
2022,4,Lleida,América,Argentina,45,279,6.2
2022,4,Lugo,América,Argentina,34,292,8.6
2022,4,Madrid,América,Argentina,8581,51486,6
2022,4,Murcia,América,Argentina,60,600,10
2022,4,Málaga,América,Argentina,861,8782,10.2
2022,4,Navarra,América,Argentina,42,315,7.5
2022,4,Pontevedra,América,Argentina,88,862,9.8
2022,4,Salamanca,América,Argentina,35,322,9.2
2022,4,Santa Cruz de Tenerife,América,Argentina,106,1039,9.8
2022,4,Sevilla,América,Argentina,263,2288,8.7
2022,4,Tarragona,América,Argentina,132,990,7.5
2022,4,Toledo,América,Argentina,84,588,7
2022,4,Total Nacional,América,Argentina,18222,127692,7
2022,4,Valencia/València,América,Argentina,583,5480,9.4
2022,4,Zaragoza,América,Argentina,69,649,9.4
2022,5,A Coruña,América,Argentina,215,1978,9.2
2022,5,Alicante/Alacant,América,Argentina,539,5875,10.9
2022,5,Almería,América,Argentina,76,851,11.2
2022,5,Asturias,América,Argentina,112,1019,9.1
2022,5,Barcelona,América,Argentina,6338,45634,7.2
2022,5,Bizkaia,América,Argentina,158,1280,8.1
2022,5,Burgos,América,Argentina,38,277,7.3
2022,5,Cantabria,América,Argentina,53,525,9.9
2022,5,Castellón/Castelló,América,Argentina,62,657,10.6
2022,5,Cáceres,América,Argentina,30,246,8.2
2022,5,Cádiz,América,Argentina,156,1388,8.9
2022,5,Córdoba,América,Argentina,62,521,8.4
2022,5,Gipuzkoa,América,Argentina,187,1552,8.3
2022,5,Girona,América,Argentina,296,2338,7.9
2022,5,Granada,América,Argentina,223,2096,9.4
2022,5,Guadalajara,América,Argentina,46,419,9.1
2022,5,Huelva,América,Argentina,30,366,12.2
2022,5,Huesca,América,Argentina,32,170,5.3
2022,5,Illes Balears,América,Argentina,1561,13893,8.9
2022,5,La Rioja,América,Argentina,32,298,9.3
2022,5,Las Palmas,América,Argentina,212,1611,7.6
2022,5,León,América,Argentina,34,306,9
2022,5,Lleida,América,Argentina,63,473,7.5
2022,5,Lugo,América,Argentina,38,399,10.5
2022,5,Madrid,América,Argentina,12040,71036,5.9
2022,5,Murcia,América,Argentina,92,874,9.5
2022,5,Málaga,América,Argentina,1319,15037,11.4
2022,5,Navarra,América,Argentina,62,570,9.2
2022,5,Ourense,América,Argentina,31,301,9.7
2022,5,Pontevedra,América,Argentina,184,1785,9.7
2022,5,Salamanca,América,Argentina,46,336,7.3
2022,5,Santa Cruz de Tenerife,América,Argentina,108,950,8.8
2022,5,Sevilla,América,Argentina,376,3722,9.9
2022,5,Tarragona,América,Argentina,199,1632,8.2
2022,5,Toledo,América,Argentina,68,340,5
2022,5,Total Nacional,América,Argentina,26229,192094,7.3
2022,5,Valencia/València,América,Argentina,798,8539,10.7
2022,5,Valladolid,América,Argentina,32,390,12.2
2022,5,Zaragoza,América,Argentina,74,755,10.2
2022,6,A Coruña,América,Argentina,236,2195,9.3
2022,6,Alicante/Alacant,América,Argentina,647,7052,10.9
2022,6,Almería,América,Argentina,97,815,8.4
2022,6,Asturias,América,Argentina,113,1209,10.7
2022,6,Badajoz,América,Argentina,34,262,7.7
2022,6,Barcelona,América,Argentina,6640,48472,7.3
2022,6,Bizkaia,América,Argentina,212,2014,9.5
2022,6,Burgos,América,Argentina,33,191,5.8
2022,6,Cantabria,América,Argentina,90,882,9.8
2022,6,Castellón/Castelló,América,Argentina,83,722,8.7
2022,6,Cáceres,América,Argentina,37,289,7.8
2022,6,Cádiz,América,Argentina,210,2079,9.9
2022,6,Córdoba,América,Argentina,47,291,6.2
2022,6,Gipuzkoa,América,Argentina,259,2435,9.4
2022,6,Girona,América,Argentina,530,3922,7.4
2022,6,Granada,América,Argentina,217,1758,8.1
2022,6,Guadalajara,América,Argentina,37,204,5.5
2022,6,Huelva,América,Argentina,40,384,9.6
2022,6,Illes Balears,América,Argentina,3269,30729,9.4
2022,6,La Rioja,América,Argentina,32,320,10
2022,6,Las Palmas,América,Argentina,179,1522,8.5
2022,6,León,América,Argentina,32,294,9.2
2022,6,Lleida,América,Argentina,64,454,7.1
2022,6,Lugo,América,Argentina,46,373,8.1
2022,6,Madrid,América,Argentina,13447,87406,6.5
2022,6,Murcia,América,Argentina,73,679,9.3
2022,6,Málaga,América,Argentina,1517,18356,12.1
2022,6,Navarra,América,Argentina,106,986,9.3
2022,6,Pontevedra,América,Argentina,223,2542,11.4
2022,6,Salamanca,América,Argentina,60,570,9.5
2022,6,Santa Cruz de Tenerife,América,Argentina,162,1345,8.3
2022,6,Sevilla,América,Argentina,260,2678,10.3
2022,6,Tarragona,América,Argentina,304,2523,8.3
2022,6,Toledo,América,Argentina,87,479,5.5
2022,6,Total Nacional,América,Argentina,30579,236730,7.7
2022,6,Valencia/València,América,Argentina,846,8122,9.6
2022,6,Zaragoza,América,Argentina,79,664,8.4
2022,7,A Coruña,América,Argentina,320,3520,11
2022,7,Alicante/Alacant,América,Argentina,852,9031,10.6
2022,7,Almería,América,Argentina,119,1226,10.3
2022,7,Araba/Álava,América,Argentina,34,245,7.2
2022,7,Asturias,América,Argentina,173,1868,10.8
2022,7,Badajoz,América,Argentina,36,223,6.2
2022,7,Barcelona,América,Argentina,7521,56408,7.5
2022,7,Bizkaia,América,Argentina,144,1224,8.5
2022,7,Burgos,América,Argentina,41,295,7.2
2022,7,Cantabria,América,Argentina,89,952,10.7
2022,7,Castellón/Castelló,América,Argentina,136,1333,9.8
2022,7,Cádiz,América,Argentina,254,2667,10.5
2022,7,Córdoba,América,Argentina,40,328,8.2
2022,7,Gipuzkoa,América,Argentina,286,2259,7.9
2022,7,Girona,América,Argentina,656,5576,8.5
2022,7,Granada,América,Argentina,207,1760,8.5
2022,7,Guadalajara,América,Argentina,52,291,5.6
2022,7,Huelva,América,Argentina,41,484,11.8
2022,7,Huesca,América,Argentina,34,279,8.2
2022,7,Illes Balears,América,Argentina,5146,48887,9.5
2022,7,La Rioja,América,Argentina,38,346,9.1
2022,7,Las Palmas,América,Argentina,215,2021,9.4
2022,7,León,América,Argentina,57,559,9.8
2022,7,Lleida,América,Argentina,81,591,7.3
2022,7,Lugo,América,Argentina,52,478,9.2
2022,7,Madrid,América,Argentina,12416,72013,5.8
2022,7,Murcia,América,Argentina,75,735,9.8
2022,7,Málaga,América,Argentina,1608,19618,12.2
2022,7,Navarra,América,Argentina,91,1010,11.1
2022,7,Ourense,América,Argentina,44,497,11.3
2022,7,Pontevedra,América,Argentina,232,2459,10.6
2022,7,Salamanca,América,Argentina,48,384,8
2022,7,Santa Cruz de Tenerife,América,Argentina,167,1754,10.5
2022,7,Sevilla,América,Argentina,178,1655,9.3
2022,7,Tarragona,América,Argentina,381,3543,9.3
2022,7,Toledo,América,Argentina,99,634,6.4
2022,7,Total Nacional,América,Argentina,33276,260214,7.8
2022,7,Valencia/València,América,Argentina,1001,10611,10.6
2022,7,Zaragoza,América,Argentina,88,898,10.2
2022,8,A Coruña,América,Argentina,302,3654,12.1
2022,8,Alicante/Alacant,América,Argentina,839,9732,11.6
2022,8,Almería,América,Argentina,161,1835,11.4
2022,8,Asturias,América,Argentina,154,1648,10.7
2022,8,Badajoz,América,Argentina,58,568,9.8
2022,8,Barcelona,América,Argentina,7805,63221,8.1
2022,8,Bizkaia,América,Argentina,153,1469,9.6
2022,8,Burgos,América,Argentina,36,281,7.8
2022,8,Cantabria,América,Argentina,87,992,11.4
2022,8,Castellón/Castelló,América,Argentina,104,1165,11.2
2022,8,Cádiz,América,Argentina,508,5232,10.3
2022,8,Gipuzkoa,América,Argentina,326,2934,9
2022,8,Girona,América,Argentina,623,4797,7.7
2022,8,Granada,América,Argentina,176,1725,9.8
2022,8,Guadalajara,América,Argentina,34,258,7.6
2022,8,Huesca,América,Argentina,43,391,9.1
2022,8,Illes Balears,América,Argentina,4390,49607,11.3
2022,8,La Rioja,América,Argentina,32,266,8.3
2022,8,Las Palmas,América,Argentina,216,1944,9
2022,8,León,América,Argentina,46,547,11.9
2022,8,Lleida,América,Argentina,55,391,7.1
2022,8,Lugo,América,Argentina,51,587,11.5
2022,8,Madrid,América,Argentina,10495,65069,6.2
2022,8,Murcia,América,Argentina,80,848,10.6
2022,8,Málaga,América,Argentina,1580,20066,12.7
2022,8,Navarra,América,Argentina,66,660,10
2022,8,Ourense,América,Argentina,47,611,13
2022,8,Pontevedra,América,Argentina,281,3484,12.4
2022,8,Salamanca,América,Argentina,34,262,7.7
2022,8,Santa Cruz de Tenerife,América,Argentina,180,2124,11.8
2022,8,Sevilla,América,Argentina,209,2445,11.7
2022,8,Tarragona,América,Argentina,290,3306,11.4
2022,8,Toledo,América,Argentina,73,555,7.6
2022,8,Total Nacional,América,Argentina,30877,268191,8.7
2022,8,Valencia/València,América,Argentina,967,12088,12.5
2022,8,Zaragoza,América,Argentina,86,860,10
2022,9,A Coruña,América,Argentina,321,3371,10.5
2022,9,Alicante/Alacant,América,Argentina,652,7694,11.8
2022,9,Almería,América,Argentina,97,1135,11.7
2022,9,Araba/Álava,América,Argentina,31,195,6.3
2022,9,Asturias,América,Argentina,161,1852,11.5
2022,9,Badajoz,América,Argentina,34,275,8.1
2022,9,Barcelona,América,Argentina,7017,54031,7.7
2022,9,Bizkaia,América,Argentina,151,1616,10.7
2022,9,Burgos,América,Argentina,33,231,7
2022,9,Cantabria,América,Argentina,91,983,10.8
2022,9,Castellón/Castelló,América,Argentina,87,853,9.8
2022,9,Cáceres,América,Argentina,30,198,6.6
2022,9,Cádiz,América,Argentina,199,2109,10.6
2022,9,Córdoba,América,Argentina,53,323,6.1
2022,9,Gipuzkoa,América,Argentina,295,2714,9.2
2022,9,Girona,América,Argentina,466,4194,9
2022,9,Granada,América,Argentina,213,1725,8.1
2022,9,Guadalajara,América,Argentina,36,284,7.9
2022,9,Huelva,América,Argentina,33,330,10
2022,9,Huesca,América,Argentina,39,328,8.4
2022,9,Illes Balears,América,Argentina,3459,34936,10.1
2022,9,Las Palmas,América,Argentina,173,2041,11.8
2022,9,León,América,Argentina,45,509,11.3
2022,9,Lleida,América,Argentina,53,419,7.9
2022,9,Lugo,América,Argentina,59,620,10.5
2022,9,Madrid,América,Argentina,15026,90156,6
2022,9,Murcia,América,Argentina,80,816,10.2
2022,9,Málaga,América,Argentina,1342,14762,11
2022,9,Navarra,América,Argentina,86,886,10.3
2022,9,Ourense,América,Argentina,47,691,14.7
2022,9,Pontevedra,América,Argentina,201,2472,12.3
2022,9,Salamanca,América,Argentina,45,311,6.9
2022,9,Santa Cruz de Tenerife,América,Argentina,152,1596,10.5
2022,9,Sevilla,América,Argentina,346,2906,8.4
2022,9,Tarragona,América,Argentina,243,2697,11.1
2022,9,Toledo,América,Argentina,86,585,6.8
2022,9,Total Nacional,América,Argentina,32654,252489,7.7
2022,9,Valencia/València,América,Argentina,832,8986,10.8
2022,9,Zaragoza,América,Argentina,110,990,9
2022,10,A Coruña,América,Argentina,260,2600,10
2022,10,Alicante/Alacant,América,Argentina,562,6126,10.9
2022,10,Almería,América,Argentina,81,915,11.3
2022,10,Araba/Álava,América,Argentina,33,310,9.4
2022,10,Asturias,América,Argentina,155,1581,10.2
2022,10,Badajoz,América,Argentina,31,273,8.8
2022,10,Barcelona,América,Argentina,6595,47484,7.2
2022,10,Bizkaia,América,Argentina,173,1488,8.6
2022,10,Cantabria,América,Argentina,103,1051,10.2
2022,10,Castellón/Castelló,América,Argentina,99,881,8.9
2022,10,Cáceres,América,Argentina,46,396,8.6
2022,10,Cádiz,América,Argentina,158,1438,9.1
2022,10,Córdoba,América,Argentina,59,484,8.2
2022,10,Gipuzkoa,América,Argentina,297,2673,9
2022,10,Girona,América,Argentina,300,2550,8.5
2022,10,Granada,América,Argentina,301,2077,6.9
2022,10,Guadalajara,América,Argentina,34,235,6.9
2022,10,Huelva,América,Argentina,34,381,11.2
2022,10,Huesca,América,Argentina,35,287,8.2
2022,10,Illes Balears,América,Argentina,1373,14279,10.4
2022,10,Las Palmas,América,Argentina,237,2133,9
2022,10,León,América,Argentina,30,291,9.7
2022,10,Lleida,América,Argentina,92,672,7.3
2022,10,Lugo,América,Argentina,68,694,10.2
2022,10,Madrid,América,Argentina,16054,102746,6.4
2022,10,Murcia,América,Argentina,72,691,9.6
2022,10,Málaga,América,Argentina,1217,13022,10.7
2022,10,Navarra,América,Argentina,77,747,9.7
2022,10,Ourense,América,Argentina,49,544,11.1
2022,10,Pontevedra,América,Argentina,251,2510,10
2022,10,Salamanca,América,Argentina,60,462,7.7
2022,10,Santa Cruz de Tenerife,América,Argentina,221,1989,9
2022,10,Segovia,América,Argentina,35,200,5.7
2022,10,Sevilla,América,Argentina,415,3735,9
2022,10,Tarragona,América,Argentina,263,2209,8.4
2022,10,Toledo,América,Argentina,117,655,5.6
2022,10,Total Nacional,América,Argentina,31169,231988,7.4
2022,10,Valencia/València,América,Argentina,848,8565,10.1
2022,10,Valladolid,América,Argentina,31,239,7.7
2022,10,Zaragoza,América,Argentina,84,706,8.4
2022,11,A Coruña,América,Argentina,234,2668,11.4
2022,11,Alicante/Alacant,América,Argentina,671,7113,10.6
2022,11,Almería,América,Argentina,108,1069,9.9
2022,11,Asturias,América,Argentina,152,1566,10.3
2022,11,Badajoz,América,Argentina,49,338,6.9
2022,11,Barcelona,América,Argentina,5988,40718,6.8
2022,11,Bizkaia,América,Argentina,132,1122,8.5
2022,11,Burgos,América,Argentina,46,294,6.4
2022,11,Cantabria,América,Argentina,72,677,9.4
2022,11,Castellón/Castelló,América,Argentina,71,476,6.7
2022,11,Ciudad Real,América,Argentina,35,182,5.2
2022,11,Cuenca,América,Argentina,44,286,6.5
2022,11,Cádiz,América,Argentina,321,1894,5.9
2022,11,Córdoba,América,Argentina,76,623,8.2
2022,11,Gipuzkoa,América,Argentina,156,1154,7.4
2022,11,Girona,América,Argentina,237,2133,9
2022,11,Granada,América,Argentina,274,2466,9
2022,11,Guadalajara,América,Argentina,47,291,6.2
2022,11,Huesca,América,Argentina,64,570,8.9
2022,11,Illes Balears,América,Argentina,687,7145,10.4
2022,11,La Rioja,América,Argentina,43,503,11.7
2022,11,Las Palmas,América,Argentina,265,2120,8
2022,11,León,América,Argentina,44,515,11.7
2022,11,Lleida,América,Argentina,136,843,6.2
2022,11,Lugo,América,Argentina,42,416,9.9
2022,11,Madrid,América,Argentina,11318,62249,5.5
2022,11,Murcia,América,Argentina,78,858,11
2022,11,Málaga,América,Argentina,1247,13966,11.2
2022,11,Navarra,América,Argentina,87,792,9.1
2022,11,Ourense,América,Argentina,36,367,10.2
2022,11,Pontevedra,América,Argentina,178,1833,10.3
2022,11,Salamanca,América,Argentina,48,312,6.5
2022,11,Santa Cruz de Tenerife,América,Argentina,195,1970,10.1
2022,11,Sevilla,América,Argentina,346,3425,9.9
2022,11,Tarragona,América,Argentina,237,1849,7.8
2022,11,Toledo,América,Argentina,101,495,4.9
2022,11,Total Nacional,América,Argentina,25228,178555,7.1
2022,11,Valencia/València,América,Argentina,901,9641,10.7
2022,11,Valladolid,América,Argentina,35,315,9
2022,11,Zaragoza,América,Argentina,156,1248,8
2022,12,A Coruña,América,Argentina,182,1911,10.5
2022,12,Alicante/Alacant,América,Argentina,545,4960,9.1
2022,12,Almería,América,Argentina,134,1233,9.2
2022,12,Araba/Álava,América,Argentina,54,443,8.2
2022,12,Asturias,América,Argentina,143,1201,8.4
2022,12,Badajoz,América,Argentina,40,272,6.8
2022,12,Barcelona,América,Argentina,5190,33735,6.5
2022,12,Bizkaia,América,Argentina,123,861,7
2022,12,Burgos,América,Argentina,36,191,5.3
2022,12,Cantabria,América,Argentina,59,478,8.1
2022,12,Castellón/Castelló,América,Argentina,94,649,6.9
2022,12,Cuenca,América,Argentina,41,131,3.2
2022,12,Cáceres,América,Argentina,31,291,9.4
2022,12,Cádiz,América,Argentina,99,1040,10.5
2022,12,Córdoba,América,Argentina,63,403,6.4
2022,12,Gipuzkoa,América,Argentina,161,1369,8.5
2022,12,Girona,América,Argentina,208,1435,6.9
2022,12,Granada,América,Argentina,247,1729,7
2022,12,Guadalajara,América,Argentina,88,493,5.6
2022,12,Huelva,América,Argentina,39,343,8.8
2022,12,Huesca,América,Argentina,37,303,8.2
2022,12,Illes Balears,América,Argentina,546,4805,8.8
2022,12,Jaén,América,Argentina,52,317,6.1
2022,12,La Rioja,América,Argentina,32,189,5.9
2022,12,Las Palmas,América,Argentina,207,2236,10.8
2022,12,Lleida,América,Argentina,161,950,5.9
2022,12,Lugo,América,Argentina,31,195,6.3
2022,12,Madrid,América,Argentina,12563,51508,4.1
2022,12,Murcia,América,Argentina,85,604,7.1
2022,12,Málaga,América,Argentina,1256,12309,9.8
2022,12,Navarra,América,Argentina,96,749,7.8
2022,12,Ourense,América,Argentina,38,384,10.1
2022,12,Pontevedra,América,Argentina,175,1610,9.2
2022,12,Salamanca,América,Argentina,39,265,6.8
2022,12,Santa Cruz de Tenerife,América,Argentina,224,1949,8.7
2022,12,Segovia,América,Argentina,31,245,7.9
2022,12,Sevilla,América,Argentina,251,1857,7.4
2022,12,Soria,América,Argentina,35,144,4.1
2022,12,Tarragona,América,Argentina,227,1748,7.7
2022,12,Toledo,América,Argentina,140,574,4.1
2022,12,Total Nacional,América,Argentina,25169,148050,5.9
2022,12,Valencia/València,América,Argentina,1035,9626,9.3
2022,12,Valladolid,América,Argentina,43,327,7.6
2022,12,Zaragoza,América,Argentina,121,956,7.9
2023,1,A Coruña,América,Argentina,295,3098,10.5
2023,1,Alicante/Alacant,América,Argentina,662,7812,11.8
2023,1,Almería,América,Argentina,96,1181,12.3
2023,1,Araba/Álava,América,Argentina,50,520,10.4
2023,1,Asturias,América,Argentina,185,2220,12
2023,1,Badajoz,América,Argentina,38,448,11.8
2023,1,Barcelona,América,Argentina,6353,48283,7.6
2023,1,Bizkaia,América,Argentina,156,1544,9.9
2023,1,Burgos,América,Argentina,37,303,8.2
2023,1,Cantabria,América,Argentina,65,787,12.1
2023,1,Castellón/Castelló,América,Argentina,100,990,9.9
2023,1,Ciudad Real,América,Argentina,35,368,10.5
2023,1,Cuenca,América,Argentina,41,226,5.5
2023,1,Cáceres,América,Argentina,51,418,8.2
2023,1,Cádiz,América,Argentina,130,1222,9.4
2023,1,Córdoba,América,Argentina,109,916,8.4
2023,1,Gipuzkoa,América,Argentina,173,1211,7
2023,1,Girona,América,Argentina,231,2079,9
2023,1,Granada,América,Argentina,369,3100,8.4
2023,1,Guadalajara,América,Argentina,42,302,7.2
2023,1,Huesca,América,Argentina,51,347,6.8
2023,1,Illes Balears,América,Argentina,561,6339,11.3
2023,1,La Rioja,América,Argentina,58,551,9.5
2023,1,Las Palmas,América,Argentina,271,2981,11
2023,1,Lleida,América,Argentina,188,1542,8.2
2023,1,Lugo,América,Argentina,34,473,13.9
2023,1,Madrid,América,Argentina,13083,83731,6.4
2023,1,Murcia,América,Argentina,89,1068,12
2023,1,Málaga,América,Argentina,1582,17877,11.3
2023,1,Navarra,América,Argentina,96,749,7.8
2023,1,Ourense,América,Argentina,41,447,10.9
2023,1,Pontevedra,América,Argentina,199,2647,13.3
2023,1,Salamanca,América,Argentina,82,804,9.8
2023,1,Santa Cruz de Tenerife,América,Argentina,267,3097,11.6
2023,1,Segovia,América,Argentina,41,221,5.4
2023,1,Sevilla,América,Argentina,454,4131,9.1
2023,1,Tarragona,América,Argentina,223,2676,12
2023,1,Toledo,América,Argentina,144,1224,8.5
2023,1,Total Nacional,América,Argentina,28261,225031,8
2023,1,Valencia/València,América,Argentina,1166,13409,11.5
2023,1,Valladolid,América,Argentina,47,395,8.4
2023,1,Zaragoza,América,Argentina,149,1490,10
2023,1,Ávila,América,Argentina,37,211,5.7
2023,2,A Coruña,América,Argentina,240,2496,10.4
2023,2,Alicante/Alacant,América,Argentina,593,6286,10.6
2023,2,Almería,América,Argentina,103,906,8.8
2023,2,Asturias,América,Argentina,123,1267,10.3
2023,2,Badajoz,América,Argentina,31,223,7.2
2023,2,Barcelona,América,Argentina,6788,44801,6.6
2023,2,Bizkaia,América,Argentina,148,1080,7.3
2023,2,Burgos,América,Argentina,38,323,8.5
2023,2,Cantabria,América,Argentina,68,755,11.1
2023,2,Castellón/Castelló,América,Argentina,96,845,8.8
2023,2,Ciudad Real,América,Argentina,33,218,6.6
2023,2,Cádiz,América,Argentina,136,1224,9
2023,2,Córdoba,América,Argentina,93,605,6.5
2023,2,Gipuzkoa,América,Argentina,163,1369,8.4
2023,2,Girona,América,Argentina,213,1661,7.8
2023,2,Granada,América,Argentina,282,2284,8.1
2023,2,Guadalajara,América,Argentina,37,192,5.2
2023,2,Huesca,América,Argentina,31,174,5.6
2023,2,Illes Balears,América,Argentina,542,3902,7.2
2023,2,Las Palmas,América,Argentina,236,2171,9.2
2023,2,León,América,Argentina,36,328,9.1
2023,2,Lleida,América,Argentina,328,3346,10.2
2023,2,Lugo,América,Argentina,31,326,10.5
2023,2,Madrid,América,Argentina,13132,78792,6
2023,2,Murcia,América,Argentina,84,941,11.2
2023,2,Málaga,América,Argentina,1399,13710,9.8
2023,2,Navarra,América,Argentina,82,738,9
2023,2,Pontevedra,América,Argentina,136,1306,9.6
2023,2,Salamanca,América,Argentina,66,469,7.1
2023,2,Santa Cruz de Tenerife,América,Argentina,169,1724,10.2
2023,2,Sevilla,América,Argentina,465,4092,8.8
2023,2,Tarragona,América,Argentina,184,1490,8.1
2023,2,Toledo,América,Argentina,140,672,4.8
2023,2,Total Nacional,América,Argentina,27701,193960,7
2023,2,Valencia/València,América,Argentina,1007,9667,9.6
2023,2,Valladolid,América,Argentina,47,338,7.2
2023,2,Zaragoza,América,Argentina,112,974,8.7
2023,3,A Coruña,América,Argentina,294,2675,9.1
2023,3,Alicante/Alacant,América,Argentina,829,8705,10.5
2023,3,Almería,América,Argentina,125,1313,10.5
2023,3,Araba/Álava,América,Argentina,35,378,10.8
2023,3,Asturias,América,Argentina,166,1826,11
2023,3,Badajoz,América,Argentina,38,308,8.1
2023,3,Barcelona,América,Argentina,7982,54278,6.8
2023,3,Bizkaia,América,Argentina,195,1541,7.9
2023,3,Burgos,América,Argentina,47,273,5.8
2023,3,Cantabria,América,Argentina,66,587,8.9
2023,3,Castellón/Castelló,América,Argentina,158,1343,8.5
2023,3,Ciudad Real,América,Argentina,34,214,6.3
2023,3,Cuenca,América,Argentina,47,259,5.5
2023,3,Cádiz,América,Argentina,211,1772,8.4
2023,3,Córdoba,América,Argentina,121,968,8
2023,3,Gipuzkoa,América,Argentina,260,2132,8.2
2023,3,Girona,América,Argentina,271,1951,7.2
2023,3,Granada,América,Argentina,376,2970,7.9
2023,3,Guadalajara,América,Argentina,53,345,6.5
2023,3,Huelva,América,Argentina,35,378,10.8
2023,3,Huesca,América,Argentina,55,462,8.4
2023,3,Illes Balears,América,Argentina,954,7441,7.8
2023,3,La Rioja,América,Argentina,45,279,6.2
2023,3,Las Palmas,América,Argentina,318,2894,9.1
2023,3,León,América,Argentina,33,264,8
2023,3,Lleida,América,Argentina,195,1619,8.3
2023,3,Lugo,América,Argentina,64,518,8.1
2023,3,Madrid,América,Argentina,14350,83230,5.8
2023,3,Murcia,América,Argentina,113,1017,9
2023,3,Málaga,América,Argentina,1860,18042,9.7
2023,3,Navarra,América,Argentina,97,747,7.7
2023,3,Ourense,América,Argentina,38,422,11.1
2023,3,Pontevedra,América,Argentina,194,1824,9.4
2023,3,Salamanca,América,Argentina,63,410,6.5
2023,3,Santa Cruz de Tenerife,América,Argentina,260,2990,11.5
2023,3,Segovia,América,Argentina,48,178,3.7
2023,3,Sevilla,América,Argentina,522,4802,9.2
2023,3,Soria,América,Argentina,46,336,7.3
2023,3,Tarragona,América,Argentina,258,2348,9.1
2023,3,Toledo,América,Argentina,139,834,6
2023,3,Total Nacional,América,Argentina,32850,231788,7.1
2023,3,Valencia/València,América,Argentina,1441,13834,9.6
2023,3,Valladolid,América,Argentina,51,408,8
2023,3,Zaragoza,América,Argentina,184,1288,7
2023,4,A Coruña,América,Argentina,396,3049,7.7
2023,4,Alicante/Alacant,América,Argentina,869,7126,8.2
2023,4,Almería,América,Argentina,204,1489,7.3
2023,4,Araba/Álava,América,Argentina,47,367,7.8
2023,4,Asturias,América,Argentina,240,1824,7.6
2023,4,Badajoz,América,Argentina,72,612,8.5
2023,4,Barcelona,América,Argentina,8552,58154,6.8
2023,4,Bizkaia,América,Argentina,210,1680,8
2023,4,Burgos,América,Argentina,54,405,7.5
2023,4,Cantabria,América,Argentina,114,969,8.5
2023,4,Castellón/Castelló,América,Argentina,135,1188,8.8
2023,4,Ceuta,América,Argentina,41,66,1.6
2023,4,Ciudad Real,América,Argentina,31,205,6.6
2023,4,Cuenca,América,Argentina,36,299,8.3
2023,4,Cáceres,América,Argentina,63,397,6.3
2023,4,Cádiz,América,Argentina,218,1613,7.4
2023,4,Córdoba,América,Argentina,120,864,7.2
2023,4,Gipuzkoa,América,Argentina,316,2212,7
2023,4,Girona,América,Argentina,371,2412,6.5
2023,4,Granada,América,Argentina,405,2633,6.5
2023,4,Guadalajara,América,Argentina,52,354,6.8
2023,4,Huelva,América,Argentina,40,452,11.3
2023,4,Huesca,América,Argentina,49,407,8.3
2023,4,Illes Balears,América,Argentina,1484,11130,7.5
2023,4,Jaén,América,Argentina,35,308,8.8
2023,4,La Rioja,América,Argentina,35,326,9.3
2023,4,Las Palmas,América,Argentina,348,2645,7.6
2023,4,León,América,Argentina,70,546,7.8
2023,4,Lleida,América,Argentina,139,1029,7.4
2023,4,Lugo,América,Argentina,49,348,7.1
2023,4,Madrid,América,Argentina,15052,87302,5.8
2023,4,Murcia,América,Argentina,171,1556,9.1
2023,4,Málaga,América,Argentina,1997,17574,8.8
2023,4,Navarra,América,Argentina,125,1000,8
2023,4,Ourense,América,Argentina,38,251,6.6
2023,4,Pontevedra,América,Argentina,180,1458,8.1
2023,4,Salamanca,América,Argentina,101,677,6.7
2023,4,Santa Cruz de Tenerife,América,Argentina,418,2884,6.9
2023,4,Segovia,América,Argentina,41,172,4.2
2023,4,Sevilla,América,Argentina,596,5483,9.2
2023,4,Soria,América,Argentina,37,207,5.6
2023,4,Tarragona,América,Argentina,256,1741,6.8
2023,4,Toledo,América,Argentina,192,1171,6.1
2023,4,Total Nacional,América,Argentina,35815,243583,6.8
2023,4,Valencia/València,América,Argentina,1432,14463,10.1
2023,4,Valladolid,América,Argentina,52,411,7.9
2023,4,Zaragoza,América,Argentina,209,1359,6.5
2023,5,A Coruña,América,Argentina,486,4131,8.5
2023,5,Albacete,América,Argentina,37,229,6.2
2023,5,Alicante/Alacant,América,Argentina,909,8181,9
2023,5,Almería,América,Argentina,174,1792,10.3
2023,5,Araba/Álava,América,Argentina,40,288,7.2
2023,5,Asturias,América,Argentina,317,2536,8
2023,5,Badajoz,América,Argentina,65,468,7.2
2023,5,Barcelona,América,Argentina,10749,73093,6.8
2023,5,Bizkaia,América,Argentina,357,2713,7.6
2023,5,Burgos,América,Argentina,70,420,6
2023,5,Cantabria,América,Argentina,185,1332,7.2
2023,5,Castellón/Castelló,América,Argentina,173,1349,7.8
2023,5,Ciudad Real,América,Argentina,55,248,4.5
2023,5,Cuenca,América,Argentina,81,332,4.1
2023,5,Cáceres,América,Argentina,77,331,4.3
2023,5,Cádiz,América,Argentina,312,2434,7.8
2023,5,Córdoba,América,Argentina,146,1007,6.9
2023,5,Gipuzkoa,América,Argentina,526,3577,6.8
2023,5,Girona,América,Argentina,517,3567,6.9
2023,5,Granada,América,Argentina,511,3219,6.3
2023,5,Guadalajara,América,Argentina,73,453,6.2
2023,5,Huelva,América,Argentina,66,521,7.9
2023,5,Huesca,América,Argentina,74,562,7.6
2023,5,Illes Balears,América,Argentina,2325,18135,7.8
2023,5,Jaén,América,Argentina,43,353,8.2
2023,5,La Rioja,América,Argentina,57,439,7.7
2023,5,Las Palmas,América,Argentina,245,2156,8.8
2023,5,León,América,Argentina,108,896,8.3
2023,5,Lleida,América,Argentina,131,852,6.5
2023,5,Lugo,América,Argentina,94,714,7.6
2023,5,Madrid,América,Argentina,20332,121992,6
2023,5,Murcia,América,Argentina,137,1219,8.9
2023,5,Málaga,América,Argentina,2348,21836,9.3
2023,5,Navarra,América,Argentina,190,1501,7.9
2023,5,Ourense,América,Argentina,67,750,11.2
2023,5,Pontevedra,América,Argentina,347,2915,8.4
2023,5,Salamanca,América,Argentina,111,910,8.2
2023,5,Santa Cruz de Tenerife,América,Argentina,305,2745,9
2023,5,Segovia,América,Argentina,56,235,4.2
2023,5,Sevilla,América,Argentina,692,5674,8.2
2023,5,Soria,América,Argentina,41,287,7
2023,5,Tarragona,América,Argentina,340,2754,8.1
2023,5,Toledo,América,Argentina,294,1646,5.6
2023,5,Total Nacional,América,Argentina,46339,318854,6.9
2023,5,Valencia/València,América,Argentina,1694,15415,9.1
2023,5,Valladolid,América,Argentina,42,357,8.5
2023,5,Zamora,América,Argentina,37,278,7.5
2023,5,Zaragoza,América,Argentina,222,1576,7.1
2023,5,Ávila,América,Argentina,37,167,4.5
2023,6,A Coruña,América,Argentina,446,4192,9.4
2023,6,Albacete,América,Argentina,45,288,6.4
2023,6,Alicante/Alacant,América,Argentina,1165,10252,8.8
2023,6,Almería,América,Argentina,179,1736,9.7
2023,6,Araba/Álava,América,Argentina,50,350,7
2023,6,Asturias,América,Argentina,229,2015,8.8
2023,6,Badajoz,América,Argentina,70,539,7.7
2023,6,Barcelona,América,Argentina,8978,66437,7.4
2023,6,Bizkaia,América,Argentina,326,2543,7.8
2023,6,Burgos,América,Argentina,74,481,6.5
2023,6,Cantabria,América,Argentina,158,1596,10.1
2023,6,Castellón/Castelló,América,Argentina,154,1324,8.6
2023,6,Ciudad Real,América,Argentina,36,256,7.1
2023,6,Cuenca,América,Argentina,64,237,3.7
2023,6,Cáceres,América,Argentina,49,368,7.5
2023,6,Cádiz,América,Argentina,258,2322,9
2023,6,Córdoba,América,Argentina,91,646,7.1
2023,6,Gipuzkoa,América,Argentina,494,3952,8
2023,6,Girona,América,Argentina,718,5457,7.6
2023,6,Granada,América,Argentina,383,3026,7.9
2023,6,Guadalajara,América,Argentina,71,355,5
2023,6,Huelva,América,Argentina,50,555,11.1
2023,6,Huesca,América,Argentina,77,570,7.4
2023,6,Illes Balears,América,Argentina,3788,32198,8.5
2023,6,Jaén,América,Argentina,44,308,7
2023,6,La Rioja,América,Argentina,76,790,10.4
2023,6,Las Palmas,América,Argentina,226,1921,8.5
2023,6,León,América,Argentina,91,892,9.8
2023,6,Lleida,América,Argentina,88,642,7.3
2023,6,Lugo,América,Argentina,74,622,8.4
2023,6,Madrid,América,Argentina,15676,100326,6.4
2023,6,Murcia,América,Argentina,118,1003,8.5
2023,6,Málaga,América,Argentina,2307,22839,9.9
2023,6,Navarra,América,Argentina,171,1744,10.2
2023,6,Ourense,América,Argentina,50,425,8.5
2023,6,Pontevedra,América,Argentina,271,2818,10.4
2023,6,Salamanca,América,Argentina,106,880,8.3
2023,6,Santa Cruz de Tenerife,América,Argentina,133,1197,9
2023,6,Segovia,América,Argentina,41,238,5.8
2023,6,Sevilla,América,Argentina,530,5088,9.6
2023,6,Soria,América,Argentina,47,273,5.8
2023,6,Tarragona,América,Argentina,368,2870,7.8
2023,6,Toledo,América,Argentina,172,1170,6.8
2023,6,Total Nacional,América,Argentina,40418,304376,7.5
2023,6,Valencia/València,América,Argentina,1518,14269,9.4
2023,6,Valladolid,América,Argentina,46,400,8.7
2023,6,Zaragoza,América,Argentina,195,1248,6.4
2023,6,Ávila,América,Argentina,42,239,5.7
2023,7,A Coruña,América,Argentina,469,4878,10.4
2023,7,Albacete,América,Argentina,33,261,7.9
2023,7,Alicante/Alacant,América,Argentina,1186,11979,10.1
2023,7,Almería,América,Argentina,218,2049,9.4
2023,7,Araba/Álava,América,Argentina,86,714,8.3
2023,7,Asturias,América,Argentina,297,2762,9.3
2023,7,Badajoz,América,Argentina,61,476,7.8
2023,7,Barcelona,América,Argentina,9141,71300,7.8
2023,7,Bizkaia,América,Argentina,242,2081,8.6
2023,7,Burgos,América,Argentina,72,475,6.6
2023,7,Cantabria,América,Argentina,154,1448,9.4
2023,7,Castellón/Castelló,América,Argentina,210,1953,9.3
2023,7,Ciudad Real,América,Argentina,34,231,6.8
2023,7,Cuenca,América,Argentina,39,246,6.3
2023,7,Cáceres,América,Argentina,64,358,5.6
2023,7,Cádiz,América,Argentina,301,2860,9.5
2023,7,Córdoba,América,Argentina,84,664,7.9
2023,7,Gipuzkoa,América,Argentina,368,3018,8.2
2023,7,Girona,América,Argentina,952,8282,8.7
2023,7,Granada,América,Argentina,317,2790,8.8
2023,7,Guadalajara,América,Argentina,66,449,6.8
2023,7,Huelva,América,Argentina,63,636,10.1
2023,7,Huesca,América,Argentina,69,476,6.9
2023,7,Illes Balears,América,Argentina,6622,62247,9.4
2023,7,La Rioja,América,Argentina,70,644,9.2
2023,7,Las Palmas,América,Argentina,341,3581,10.5
2023,7,León,América,Argentina,98,970,9.9
2023,7,Lleida,América,Argentina,152,1034,6.8
2023,7,Lugo,América,Argentina,77,724,9.4
2023,7,Madrid,América,Argentina,14503,85568,5.9
2023,7,Murcia,América,Argentina,190,1843,9.7
2023,7,Málaga,América,Argentina,2149,19771,9.2
2023,7,Navarra,América,Argentina,246,2042,8.3
2023,7,Ourense,América,Argentina,66,673,10.2
2023,7,Pontevedra,América,Argentina,329,3224,9.8
2023,7,Salamanca,América,Argentina,120,984,8.2
2023,7,Santa Cruz de Tenerife,América,Argentina,291,2881,9.9
2023,7,Segovia,América,Argentina,45,270,6
2023,7,Sevilla,América,Argentina,347,2672,7.7
2023,7,Soria,América,Argentina,43,391,9.1
2023,7,Tarragona,América,Argentina,501,4709,9.4
2023,7,Toledo,América,Argentina,204,1367,6.7
2023,7,Total Nacional,América,Argentina,43027,334230,7.8
2023,7,Valencia/València,América,Argentina,1767,15196,8.6
2023,7,Valladolid,América,Argentina,75,570,7.6
2023,7,Zaragoza,América,Argentina,153,1392,9.1
2023,8,A Coruña,América,Argentina,568,6191,10.9
2023,8,Alicante/Alacant,América,Argentina,1362,14301,10.5
2023,8,Almería,América,Argentina,231,2818,12.2
2023,8,Araba/Álava,América,Argentina,74,533,7.2
2023,8,Asturias,América,Argentina,361,4079,11.3
2023,8,Badajoz,América,Argentina,98,764,7.8
2023,8,Barcelona,América,Argentina,6987,56595,8.1
2023,8,Bizkaia,América,Argentina,259,2486,9.6
2023,8,Burgos,América,Argentina,66,607,9.2
2023,8,Cantabria,América,Argentina,196,1960,10
2023,8,Castellón/Castelló,América,Argentina,200,1740,8.7
2023,8,Ciudad Real,América,Argentina,34,309,9.1
2023,8,Cáceres,América,Argentina,39,265,6.8
2023,8,Cádiz,América,Argentina,378,4498,11.9
2023,8,Córdoba,América,Argentina,40,344,8.6
2023,8,Gipuzkoa,América,Argentina,469,3799,8.1
2023,8,Girona,América,Argentina,724,6588,9.1
2023,8,Granada,América,Argentina,353,3036,8.6
2023,8,Guadalajara,América,Argentina,52,452,8.7
2023,8,Huelva,América,Argentina,71,923,13
2023,8,Huesca,América,Argentina,57,490,8.6
2023,8,Illes Balears,América,Argentina,5204,50479,9.7
2023,8,La Rioja,América,Argentina,75,705,9.4
2023,8,Las Palmas,América,Argentina,306,2968,9.7
2023,8,León,América,Argentina,95,998,10.5
2023,8,Lleida,América,Argentina,146,1066,7.3
2023,8,Lugo,América,Argentina,121,1343,11.1
2023,8,Madrid,América,Argentina,14194,73809,5.2
2023,8,Murcia,América,Argentina,174,1549,8.9
2023,8,Málaga,América,Argentina,2290,24732,10.8
2023,8,Navarra,América,Argentina,202,2222,11
2023,8,Ourense,América,Argentina,108,1242,11.5
2023,8,Pontevedra,América,Argentina,374,4264,11.4
2023,8,Salamanca,América,Argentina,183,1409,7.7
2023,8,Santa Cruz de Tenerife,América,Argentina,201,2171,10.8
2023,8,Segovia,América,Argentina,66,323,4.9
2023,8,Sevilla,América,Argentina,285,2451,8.6
2023,8,Soria,América,Argentina,88,616,7
2023,8,Tarragona,América,Argentina,420,4242,10.1
2023,8,Toledo,América,Argentina,165,1122,6.8
2023,8,Total Nacional,América,Argentina,39462,309811,7.9
2023,8,Valencia/València,América,Argentina,1719,15987,9.3
2023,8,Valladolid,América,Argentina,55,517,9.4
2023,8,Zamora,América,Argentina,46,391,8.5
2023,8,Zaragoza,América,Argentina,158,1074,6.8
2023,8,Ávila,América,Argentina,30,198,6.6
2023,9,A Coruña,América,Argentina,454,4358,9.6
2023,9,Alicante/Alacant,América,Argentina,1091,12001,11
2023,9,Almería,América,Argentina,181,2118,11.7
2023,9,Araba/Álava,América,Argentina,66,587,8.9
2023,9,Asturias,América,Argentina,248,2728,11
2023,9,Badajoz,América,Argentina,40,444,11.1
2023,9,Barcelona,América,Argentina,9442,65150,6.9
2023,9,Bizkaia,América,Argentina,292,2365,8.1
2023,9,Burgos,América,Argentina,80,784,9.8
2023,9,Cantabria,América,Argentina,165,1832,11.1
2023,9,Castellón/Castelló,América,Argentina,160,1712,10.7
2023,9,Cuenca,América,Argentina,56,353,6.3
2023,9,Cáceres,América,Argentina,62,546,8.8
2023,9,Cádiz,América,Argentina,282,3046,10.8
2023,9,Córdoba,América,Argentina,103,896,8.7
2023,9,Gipuzkoa,América,Argentina,619,4952,8
2023,9,Girona,América,Argentina,758,5912,7.8
2023,9,Granada,América,Argentina,381,3315,8.7
2023,9,Guadalajara,América,Argentina,80,592,7.4
2023,9,Huelva,América,Argentina,45,437,9.7
2023,9,Huesca,América,Argentina,70,616,8.8
2023,9,Illes Balears,América,Argentina,4138,40966,9.9
2023,9,La Rioja,América,Argentina,47,348,7.4
2023,9,Las Palmas,América,Argentina,256,2304,9
2023,9,León,América,Argentina,115,1231,10.7
2023,9,Lleida,América,Argentina,127,737,5.8
2023,9,Lugo,América,Argentina,84,706,8.4
2023,9,Madrid,América,Argentina,18613,89342,4.8
2023,9,Murcia,América,Argentina,123,1132,9.2
2023,9,Málaga,América,Argentina,2133,24743,11.6
2023,9,Navarra,América,Argentina,178,1549,8.7
2023,9,Ourense,América,Argentina,74,792,10.7
2023,9,Pontevedra,América,Argentina,316,3286,10.4
2023,9,Salamanca,América,Argentina,112,694,6.2
2023,9,Santa Cruz de Tenerife,América,Argentina,192,2016,10.5
2023,9,Segovia,América,Argentina,69,483,7
2023,9,Sevilla,América,Argentina,422,3334,7.9
2023,9,Soria,América,Argentina,44,268,6.1
2023,9,Tarragona,América,Argentina,428,4622,10.8
2023,9,Toledo,América,Argentina,191,974,5.1
2023,9,Total Nacional,América,Argentina,44388,312032,7
2023,9,Valencia/València,América,Argentina,1557,13702,8.8
2023,9,Valladolid,América,Argentina,62,459,7.4
2023,9,Zamora,América,Argentina,42,378,9
2023,9,Zaragoza,América,Argentina,214,1819,8.5
2023,9,Ávila,América,Argentina,30,141,4.7
2023,10,A Coruña,América,Argentina,386,3628,9.4
2023,10,Alicante/Alacant,América,Argentina,734,6606,9
2023,10,Almería,América,Argentina,171,1573,9.2
2023,10,Araba/Álava,América,Argentina,53,413,7.8
2023,10,Asturias,América,Argentina,207,1842,8.9
2023,10,Badajoz,América,Argentina,61,592,9.7
2023,10,Barcelona,América,Argentina,8329,54971,6.6
2023,10,Bizkaia,América,Argentina,270,2322,8.6
2023,10,Burgos,América,Argentina,84,664,7.9
2023,10,Cantabria,América,Argentina,155,1256,8.1
2023,10,Castellón/Castelló,América,Argentina,133,1037,7.8
2023,10,Ciudad Real,América,Argentina,35,259,7.4
2023,10,Cuenca,América,Argentina,50,260,5.2
2023,10,Cádiz,América,Argentina,269,2287,8.5
2023,10,Córdoba,América,Argentina,88,607,6.9
2023,10,Gipuzkoa,América,Argentina,570,4104,7.2
2023,10,Girona,América,Argentina,516,3922,7.6
2023,10,Granada,América,Argentina,343,2881,8.4
2023,10,Guadalajara,América,Argentina,58,313,5.4
2023,10,Huelva,América,Argentina,31,260,8.4
2023,10,Huesca,América,Argentina,64,512,8
2023,10,Illes Balears,América,Argentina,1861,17866,9.6
2023,10,La Rioja,América,Argentina,55,473,8.6
2023,10,Las Palmas,América,Argentina,297,2435,8.2
2023,10,León,América,Argentina,97,980,10.1
2023,10,Lleida,América,Argentina,123,750,6.1
2023,10,Lugo,América,Argentina,72,677,9.4
2023,10,Madrid,América,Argentina,18772,105123,5.6
2023,10,Murcia,América,Argentina,137,1082,7.9
2023,10,Málaga,América,Argentina,1604,15880,9.9
2023,10,Navarra,América,Argentina,153,1239,8.1
2023,10,Ourense,América,Argentina,53,599,11.3
2023,10,Pontevedra,América,Argentina,347,3227,9.3
2023,10,Salamanca,América,Argentina,91,664,7.3
2023,10,Santa Cruz de Tenerife,América,Argentina,241,1952,8.1
2023,10,Segovia,América,Argentina,50,270,5.4
2023,10,Sevilla,América,Argentina,507,4360,8.6
2023,10,Soria,América,Argentina,31,229,7.4
2023,10,Tarragona,América,Argentina,318,2703,8.5
2023,10,Toledo,América,Argentina,240,1152,4.8
2023,10,Total Nacional,América,Argentina,39293,265817,6.8
2023,10,Valencia/València,América,Argentina,1288,11206,8.7
2023,10,Valladolid,América,Argentina,59,384,6.5
2023,10,Zaragoza,América,Argentina,158,1106,7
2023,11,A Coruña,América,Argentina,220,1980,9
2023,11,Alicante/Alacant,América,Argentina,673,6595,9.8
2023,11,Almería,América,Argentina,154,1463,9.5
2023,11,Araba/Álava,América,Argentina,36,335,9.3
2023,11,Asturias,América,Argentina,143,1401,9.8
2023,11,Badajoz,América,Argentina,39,293,7.5
2023,11,Barcelona,América,Argentina,6060,41814,6.9
2023,11,Bizkaia,América,Argentina,157,1570,10
2023,11,Burgos,América,Argentina,32,291,9.1
2023,11,Cantabria,América,Argentina,58,412,7.1
2023,11,Castellón/Castelló,América,Argentina,131,1048,8
2023,11,Ciudad Real,América,Argentina,40,272,6.8
2023,11,Cuenca,América,Argentina,35,182,5.2
2023,11,Cáceres,América,Argentina,33,314,9.5
2023,11,Cádiz,América,Argentina,354,2301,6.5
2023,11,Córdoba,América,Argentina,57,479,8.4
2023,11,Gipuzkoa,América,Argentina,206,1524,7.4
2023,11,Girona,América,Argentina,224,1926,8.6
2023,11,Granada,América,Argentina,274,2329,8.5
2023,11,Guadalajara,América,Argentina,77,454,5.9
2023,11,Huelva,América,Argentina,34,371,10.9
2023,11,Huesca,América,Argentina,48,442,9.2
2023,11,Illes Balears,América,Argentina,798,7741,9.7
2023,11,Jaén,América,Argentina,34,224,6.6
2023,11,La Rioja,América,Argentina,44,458,10.4
2023,11,Las Palmas,América,Argentina,229,1832,8
2023,11,León,América,Argentina,58,586,10.1
2023,11,Lleida,América,Argentina,132,898,6.8
2023,11,Lugo,América,Argentina,58,580,10
2023,11,Madrid,América,Argentina,10102,59602,5.9
2023,11,Murcia,América,Argentina,90,846,9.4
2023,11,Málaga,América,Argentina,1284,13482,10.5
2023,11,Navarra,América,Argentina,94,743,7.9
2023,11,Ourense,América,Argentina,51,510,10
2023,11,Pontevedra,América,Argentina,198,2039,10.3
2023,11,Salamanca,América,Argentina,76,600,7.9
2023,11,Santa Cruz de Tenerife,América,Argentina,218,1657,7.6
2023,11,Segovia,América,Argentina,41,213,5.2
2023,11,Sevilla,América,Argentina,362,3222,8.9
2023,11,Soria,América,Argentina,37,255,6.9
2023,11,Tarragona,América,Argentina,267,2109,7.9
2023,11,Toledo,América,Argentina,128,717,5.6
2023,11,Total Nacional,América,Argentina,24771,178809,7.2
2023,11,Valencia/València,América,Argentina,1077,10232,9.5
2023,11,Valladolid,América,Argentina,45,315,7
2023,11,Zaragoza,América,Argentina,126,1121,8.9
2023,12,A Coruña,América,Argentina,339,2915,8.6
2023,12,Alicante/Alacant,América,Argentina,1036,8702,8.4
2023,12,Almería,América,Argentina,181,1376,7.6
2023,12,Araba/Álava,América,Argentina,62,558,9
2023,12,Asturias,América,Argentina,200,1760,8.8
2023,12,Badajoz,América,Argentina,62,360,5.8
2023,12,Barcelona,América,Argentina,6776,44044,6.5
2023,12,Bizkaia,América,Argentina,157,1256,8
2023,12,Burgos,América,Argentina,76,486,6.4
2023,12,Cantabria,América,Argentina,103,803,7.8
2023,12,Castellón/Castelló,América,Argentina,140,994,7.1
2023,12,Ciudad Real,América,Argentina,45,306,6.8
2023,12,Cuenca,América,Argentina,45,185,4.1
2023,12,Cádiz,América,Argentina,146,1285,8.8
2023,12,Córdoba,América,Argentina,62,484,7.8
2023,12,Gipuzkoa,América,Argentina,190,1368,7.2
2023,12,Girona,América,Argentina,334,2238,6.7
2023,12,Granada,América,Argentina,318,2290,7.2
2023,12,Guadalajara,América,Argentina,66,356,5.4
2023,12,Huesca,América,Argentina,51,525,10.3
2023,12,Illes Balears,América,Argentina,833,6497,7.8
2023,12,La Rioja,América,Argentina,55,319,5.8
2023,12,Las Palmas,América,Argentina,361,2347,6.5
2023,12,León,América,Argentina,89,819,9.2
2023,12,Lleida,América,Argentina,207,1242,6
2023,12,Lugo,América,Argentina,47,273,5.8
2023,12,Madrid,América,Argentina,13975,65683,4.7
2023,12,Murcia,América,Argentina,126,857,6.8
2023,12,Málaga,América,Argentina,1693,14560,8.6
2023,12,Navarra,América,Argentina,142,1051,7.4
2023,12,Ourense,América,Argentina,51,332,6.5
2023,12,Pontevedra,América,Argentina,251,2234,8.9
2023,12,Salamanca,América,Argentina,63,416,6.6
2023,12,Santa Cruz de Tenerife,América,Argentina,290,2320,8
2023,12,Sevilla,América,Argentina,355,2805,7.9
2023,12,Soria,América,Argentina,66,396,6
2023,12,Tarragona,América,Argentina,363,2541,7
2023,12,Toledo,América,Argentina,162,972,6
2023,12,Total Nacional,América,Argentina,31571,193993,6.1
2023,12,Valencia/València,América,Argentina,1586,12847,8.1
2023,12,Valladolid,América,Argentina,63,454,7.2
2023,12,Zaragoza,América,Argentina,191,1299,6.8
2023,12,Ávila,América,Argentina,45,239,5.3
2024,1,A Coruña,América,Argentina,219,2365,10.8
2024,1,Alicante/Alacant,América,Argentina,722,7292,10.1
2024,1,Almería,América,Argentina,114,1243,10.9
2024,1,Araba/Álava,América,Argentina,30,252,8.4
2024,1,Asturias,América,Argentina,135,1553,11.5
2024,1,Barcelona,América,Argentina,5052,38900,7.7
2024,1,Bizkaia,América,Argentina,144,1397,9.7
2024,1,Burgos,América,Argentina,40,268,6.7
2024,1,Cantabria,América,Argentina,52,541,10.4
2024,1,Castellón/Castelló,América,Argentina,105,851,8.1
2024,1,Cáceres,América,Argentina,32,310,9.7
2024,1,Cádiz,América,Argentina,94,902,9.6
2024,1,Córdoba,América,Argentina,72,504,7
2024,1,Gipuzkoa,América,Argentina,156,1092,7
2024,1,Girona,América,Argentina,218,1679,7.7
2024,1,Granada,América,Argentina,260,2158,8.3
2024,1,Guadalajara,América,Argentina,53,408,7.7
2024,1,Huesca,América,Argentina,45,369,8.2
2024,1,Illes Balears,América,Argentina,531,4726,8.9
2024,1,La Rioja,América,Argentina,54,621,11.5
2024,1,Las Palmas,América,Argentina,277,2715,9.8
2024,1,León,América,Argentina,42,420,10
2024,1,Lleida,América,Argentina,143,1087,7.6
2024,1,Lugo,América,Argentina,37,385,10.4
2024,1,Madrid,América,Argentina,10381,61248,5.9
2024,1,Murcia,América,Argentina,97,1019,10.5
2024,1,Málaga,América,Argentina,1294,12034,9.3
2024,1,Navarra,América,Argentina,73,730,10
2024,1,Ourense,América,Argentina,30,300,10
2024,1,Pontevedra,América,Argentina,159,1558,9.8
2024,1,Salamanca,América,Argentina,61,445,7.3
2024,1,Santa Cruz de Tenerife,América,Argentina,227,2384,10.5
2024,1,Sevilla,América,Argentina,341,3103,9.1
2024,1,Tarragona,América,Argentina,269,2825,10.5
2024,1,Toledo,América,Argentina,105,672,6.4
2024,1,Total Nacional,América,Argentina,23222,171696,7.4
2024,1,Valencia/València,América,Argentina,1135,9761,8.6
2024,1,Valladolid,América,Argentina,44,273,6.2
2024,1,Zaragoza,América,Argentina,105,903,8.6
2024,2,A Coruña,América,Argentina,212,1866,8.8
2024,2,Alicante/Alacant,América,Argentina,566,4924,8.7
2024,2,Almería,América,Argentina,84,781,9.3
2024,2,Asturias,América,Argentina,113,1028,9.1
2024,2,Barcelona,América,Argentina,5329,35704,6.7
2024,2,Bizkaia,América,Argentina,115,989,8.6
2024,2,Burgos,América,Argentina,42,248,5.9
2024,2,Cantabria,América,Argentina,45,360,8
2024,2,Castellón/Castelló,América,Argentina,91,774,8.5
2024,2,Cádiz,América,Argentina,74,570,7.7
2024,2,Córdoba,América,Argentina,81,494,6.1
2024,2,Gipuzkoa,América,Argentina,127,940,7.4
2024,2,Girona,América,Argentina,236,1581,6.7
2024,2,Granada,América,Argentina,244,1635,6.7
2024,2,Guadalajara,América,Argentina,37,266,7.2
2024,2,Illes Balears,América,Argentina,510,3570,7
2024,2,Las Palmas,América,Argentina,292,2015,6.9
2024,2,León,América,Argentina,31,254,8.2
2024,2,Lleida,América,Argentina,216,1706,7.9
2024,2,Madrid,América,Argentina,11470,65379,5.7
2024,2,Murcia,América,Argentina,69,690,10
2024,2,Málaga,América,Argentina,1265,10626,8.4
2024,2,Navarra,América,Argentina,58,458,7.9
2024,2,Pontevedra,América,Argentina,132,1360,10.3
2024,2,Salamanca,América,Argentina,55,512,9.3
2024,2,Santa Cruz de Tenerife,América,Argentina,173,1471,8.5
2024,2,Sevilla,América,Argentina,418,3386,8.1
2024,2,Tarragona,América,Argentina,208,1477,7.1
2024,2,Toledo,América,Argentina,84,395,4.7
2024,2,Total Nacional,América,Argentina,23938,157160,6.6
2024,2,Valencia/València,América,Argentina,1066,7995,7.5
2024,2,Valladolid,América,Argentina,49,348,7.1
2024,2,Zaragoza,América,Argentina,110,781,7.1
2024,3,A Coruña,América,Argentina,264,2112,8
2024,3,Alicante/Alacant,América,Argentina,763,6257,8.2
2024,3,Almería,América,Argentina,127,927,7.3
2024,3,Araba/Álava,América,Argentina,33,234,7.1
2024,3,Asturias,América,Argentina,180,1548,8.6
2024,3,Barcelona,América,Argentina,7625,47275,6.2
2024,3,Bizkaia,América,Argentina,175,1505,8.6
2024,3,Burgos,América,Argentina,50,300,6
2024,3,Cantabria,América,Argentina,79,616,7.8
2024,3,Castellón/Castelló,América,Argentina,132,1254,9.5
2024,3,Cádiz,América,Argentina,206,1030,5
2024,3,Córdoba,América,Argentina,103,587,5.7
2024,3,Gipuzkoa,América,Argentina,212,1336,6.3
2024,3,Girona,América,Argentina,305,1891,6.2
2024,3,Granada,América,Argentina,314,1915,6.1
2024,3,Guadalajara,América,Argentina,58,284,4.9
2024,3,Huesca,América,Argentina,34,309,9.1
2024,3,Illes Balears,América,Argentina,870,6525,7.5
2024,3,Jaén,América,Argentina,33,277,8.4
2024,3,La Rioja,América,Argentina,40,292,7.3
2024,3,Las Palmas,América,Argentina,233,1678,7.2
2024,3,Lleida,América,Argentina,196,1039,5.3
2024,3,Lugo,América,Argentina,42,319,7.6
2024,3,Madrid,América,Argentina,14055,75897,5.4
2024,3,Murcia,América,Argentina,143,1073,7.5
2024,3,Málaga,América,Argentina,1713,14389,8.4
2024,3,Navarra,América,Argentina,83,614,7.4
2024,3,Ourense,América,Argentina,35,396,11.3
2024,3,Pontevedra,América,Argentina,161,1385,8.6
2024,3,Salamanca,América,Argentina,65,384,5.9
2024,3,Santa Cruz de Tenerife,América,Argentina,211,1983,9.4
2024,3,Segovia,América,Argentina,57,262,4.6
2024,3,Sevilla,América,Argentina,456,3785,8.3
2024,3,Tarragona,América,Argentina,318,2258,7.1
2024,3,Toledo,América,Argentina,165,858,5.2
2024,3,Total Nacional,América,Argentina,31620,199323,6.3
2024,3,Valencia/València,América,Argentina,1588,13022,8.2
2024,3,Valladolid,América,Argentina,57,490,8.6
2024,3,Zaragoza,América,Argentina,174,1218,7
